INSERT IGNORE INTO supply (id,name,description,units_in_stock,alert_stock,provider_id) VALUES (1,"Ferdinand","Cum",1,8,2),(2,"Peter","Duis gravida. Praesent",8,9,10),(3,"Forrest","Donec egestas. Aliquam nec enim. Nunc ut",2,8,65),(4,"Fuller","odio. Nam interdum enim non",10,6,26),(5,"Ferdinand","amet, consectetuer adipiscing elit. Etiam",7,4,11),(6,"Stone","volutpat nunc sit amet metus.",2,3,87),(7,"Matthew","netus et malesuada fames",6,1,71),(8,"John","sed, sapien. Nunc pulvinar",7,2,14),(9,"Rahim","diam. Duis mi enim,",2,2,28),(10,"Thomas","eu, ultrices sit amet, risus.",1,7,84);
INSERT IGNORE INTO supply (id,name,description,units_in_stock,alert_stock,provider_id) VALUES (11,"Holmes","Mauris eu turpis. Nulla aliquet. Proin",6,2,19),(12,"Ciaran","Maecenas malesuada fringilla est. Mauris eu turpis.",6,4,52),(13,"Logan","arcu. Aliquam ultrices iaculis odio. Nam interdum enim non nisi.",3,3,91),(14,"Edan","id sapien. Cras",7,4,86),(15,"Reed","eget massa. Suspendisse eleifend. Cras sed leo. Cras vehicula aliquet",1,8,52),(16,"August","mi fringilla mi lacinia mattis. Integer eu",3,5,59),(17,"Shad","eu, ultrices",9,10,32),(18,"Palmer","nec mauris blandit mattis.",6,6,58),(19,"Slade","vel, venenatis vel, faucibus id, libero. Donec",3,4,82),(20,"Reed","ut quam vel sapien imperdiet ornare. In faucibus.",7,9,13);
INSERT IGNORE INTO supply (id,name,description,units_in_stock,alert_stock,provider_id) VALUES (21,"Zahir","Curabitur egestas nunc sed libero. Proin sed turpis nec",9,7,98),(22,"Kelly","Cras lorem lorem, luctus ut, pellentesque eget, dictum placerat,",8,4,27),(23,"Sawyer","Pellentesque tincidunt tempus",3,9,23),(24,"Andrew","risus. Morbi metus. Vivamus euismod urna. Nullam lobortis",5,2,80),(25,"Troy","porta elit, a feugiat tellus",4,6,84),(26,"Callum","est mauris, rhoncus id, mollis nec,",6,9,22),(27,"Zeph","dui quis accumsan convallis, ante lectus convallis est, vitae sodales",10,3,79),(28,"Tanner","Integer mollis. Integer tincidunt aliquam arcu. Aliquam ultrices iaculis",3,8,94),(29,"Cullen","sed pede nec ante blandit viverra. Donec tempus, lorem fringilla",8,8,27),(30,"Moses","ligula consectetuer rhoncus. Nullam velit dui, semper",10,4,14);
INSERT IGNORE INTO supply (id,name,description,units_in_stock,alert_stock,provider_id) VALUES (31,"Caldwell","Cum sociis natoque penatibus et",6,1,33),(32,"Marvin","ultrices. Duis volutpat nunc sit amet metus. Aliquam erat",1,1,38),(33,"Hamilton","lectus, a sollicitudin orci sem eget massa. Suspendisse",10,4,13),(34,"Thomas","dictum cursus.",6,1,60),(35,"Benedict","Integer in",9,10,78),(36,"Otto","tellus. Aenean egestas hendrerit neque. In ornare sagittis",2,2,98),(37,"Perry","Etiam",9,7,18),(38,"Cullen","mattis ornare, lectus",4,6,83),(39,"Kennedy","Duis at",4,1,97),(40,"Baxter","luctus",2,7,81);
INSERT IGNORE INTO supply (id,name,description,units_in_stock,alert_stock,provider_id) VALUES (41,"Keith","dictum cursus. Nunc mauris",7,7,82),(42,"Mannix","Vivamus molestie dapibus ligula. Aliquam erat volutpat. Nulla dignissim. Maecenas",2,9,41),(43,"Sebastian","lectus justo eu arcu. Morbi sit amet massa. Quisque",3,7,39),(44,"Herrod","Nulla facilisi.",9,3,73),(45,"Ishmael","nunc sit amet",4,2,46),(46,"Myles","ut lacus. Nulla",7,8,20),(47,"Emery","sed",3,9,22),(48,"Carson","nec ante blandit viverra. Donec tempus, lorem fringilla",8,5,9),(49,"Edan","neque. Nullam ut nisi a odio semper cursus. Integer",5,3,4),(50,"Henry","Nunc quis arcu vel quam dignissim pharetra. Nam",6,2,20);
INSERT IGNORE INTO supply (id,name,description,units_in_stock,alert_stock,provider_id) VALUES (51,"Jackson","commodo at,",6,4,60),(52,"Beau","enim. Suspendisse aliquet, sem ut",5,10,64),(53,"Hyatt","Maecenas ornare egestas",1,3,91),(54,"Octavius","diam eu dolor",5,4,77),(55,"Herman","vitae nibh. Donec est mauris, rhoncus",9,4,21),(56,"Jonah","Etiam",2,2,63),(57,"Davis","Nullam nisl. Maecenas malesuada fringilla est. Mauris eu turpis.",9,1,7),(58,"Blake","Sed",8,10,64),(59,"Gareth","pharetra, felis",9,1,91),(60,"Jonah","eu, accumsan sed, facilisis vitae, orci. Phasellus dapibus",4,3,77);
INSERT IGNORE INTO supply (id,name,description,units_in_stock,alert_stock,provider_id) VALUES (61,"Graham","laoreet ipsum. Curabitur consequat, lectus",10,4,55),(62,"Branden","a ultricies adipiscing, enim mi tempor lorem,",8,4,83),(63,"Benjamin","libero. Integer in",9,6,55),(64,"Cruz","dictum",2,9,69),(65,"Xavier","tortor nibh sit amet orci. Ut sagittis",2,1,60),(66,"Ryder","sagittis felis. Donec tempor, est ac mattis",3,3,16),(67,"Lewis","Morbi vehicula. Pellentesque tincidunt",9,5,24),(68,"Wing","et magnis dis parturient montes, nascetur ridiculus",1,5,94),(69,"Shad","ac facilisis facilisis, magna",3,9,27),(70,"Curran","tellus. Suspendisse sed dolor. Fusce mi lorem, vehicula",7,6,84);
INSERT IGNORE INTO supply (id,name,description,units_in_stock,alert_stock,provider_id) VALUES (71,"Forrest","nascetur",10,4,1),(72,"Hamish","sem",9,9,49),(73,"Kamal","mi. Duis risus odio, auctor vitae,",4,10,20),(74,"Marsden","sem molestie sodales. Mauris blandit",4,9,24),(75,"Channing","massa.",2,2,32),(76,"Steven","gravida non, sollicitudin a,",8,9,1),(77,"Rigel","blandit viverra. Donec tempus, lorem fringilla ornare placerat, orci lacus",5,9,54),(78,"Carson","a tortor. Nunc",7,10,65),(79,"Gavin","Fusce dolor quam, elementum at,",2,6,52),(80,"Nicholas","molestie arcu. Sed eu nibh vulputate mauris sagittis placerat. Cras",4,8,37);
INSERT IGNORE INTO supply (id,name,description,units_in_stock,alert_stock,provider_id) VALUES (81,"Drake","enim nec tempus scelerisque, lorem ipsum sodales purus, in",1,8,80),(82,"Tucker","nascetur ridiculus mus. Proin",7,1,43),(83,"Julian","non,",8,6,14),(84,"Zane","risus. Donec nibh",4,6,8),(85,"Macon","dictum",8,8,71),(86,"Fitzgerald","egestas a, dui. Cras pellentesque. Sed",2,4,76),(87,"Julian","et, eros. Proin ultrices. Duis",4,7,42),(88,"Deacon","risus. Nulla eget metus eu erat",7,4,73),(89,"Carl","eu tellus eu augue porttitor interdum. Sed",2,2,85),(90,"Francis","sollicitudin adipiscing ligula. Aenean gravida nunc sed pede. Cum sociis",2,7,75);
INSERT IGNORE INTO supply (id,name,description,units_in_stock,alert_stock,provider_id) VALUES (91,"Louis","suscipit, est",6,6,24),(92,"Reuben","amet lorem semper auctor.",10,6,96),(93,"Hunter","In tincidunt",6,2,75),(94,"Davis","ligula consectetuer rhoncus. Nullam velit dui, semper et,",1,7,63),(95,"Ryan","eu, eleifend nec, malesuada ut, sem. Nulla interdum. Curabitur dictum.",4,5,45),(96,"Bruce","augue",3,2,76),(97,"Prescott","est arcu ac",3,10,67),(98,"Dalton","dolor vitae dolor. Donec fringilla. Donec feugiat metus sit",7,7,11),(99,"Jonah","pede, ultrices a, auctor non, feugiat nec, diam. Duis mi",6,3,87),(100,"Prescott","tellus. Aenean egestas hendrerit neque. In ornare sagittis felis.",8,1,31);

INSERT IGNORE INTO `provider` (`id`,`siret`,`name`) VALUES (1,"521849182","Purus In Molestie Inc."),(2,"678813163","Amet Company"),(3,"708254792","Est Mauris Eu PC"),(4,"995303336","Quis LLC"),(5,"533270187","Magna Industries"),(6,"879256295","Eget Corp."),(7,"728345646","Ante Dictum LLC"),(8,"001046242","Mi Industries"),(9,"309793628","Consectetuer Limited"),(10,"745813501","Euismod Enim Etiam Industries");
INSERT IGNORE INTO `provider` (`id`,`siret`,`name`) VALUES (11,"783691256","Mi Enim Ltd"),(12,"030148084","Gravida Mauris LLP"),(13,"691837629","Tempor Consulting"),(14,"747703841","Malesuada Fames Consulting"),(15,"504416983","Mi Industries"),(16,"756887675","Dis Parturient Montes Foundation"),(17,"062724935","Eget Laoreet Posuere Institute"),(18,"704520303","Lobortis Class Aptent Inc."),(19,"909380875","A Company"),(20,"656275732","Tortor Nibh LLP");
INSERT IGNORE INTO `provider` (`id`,`siret`,`name`) VALUES (21,"661393926","Egestas Duis Ac Corp."),(22,"098071442","Ipsum Primis Consulting"),(23,"167208735","Penatibus Et Magnis Institute"),(24,"581174703","Donec Company"),(25,"400440285","Metus LLP"),(26,"415790161","Pellentesque Tellus Institute"),(27,"991467879","Quis Tristique Corporation"),(28,"105286462","Malesuada Industries"),(29,"271571648","Odio Tristique Pharetra LLC"),(30,"539955989","Elementum Consulting");
INSERT IGNORE INTO `provider` (`id`,`siret`,`name`) VALUES (31,"754071116","Nunc Incorporated"),(32,"983131830","Integer Aliquam Company"),(33,"065541906","Ligula Foundation"),(34,"031004690","Morbi Vehicula Industries"),(35,"696600972","Non Cursus Non Institute"),(36,"910207059","Duis Elementum Institute"),(37,"372728279","Elit Etiam Company"),(38,"299324251","Quisque Ac Consulting"),(39,"197967136","Non Nisi LLP"),(40,"376330478","Tincidunt Neque Limited");
INSERT IGNORE INTO `provider` (`id`,`siret`,`name`) VALUES (41,"479454928","Vivamus Consulting"),(42,"031306194","Semper Et Lacinia Ltd"),(43,"796952471","Urna Nec Luctus Inc."),(44,"897985818","Aliquam Iaculis Associates"),(45,"193664547","Ut Incorporated"),(46,"197716442","Pellentesque Corp."),(47,"964107619","Neque Institute"),(48,"454357088","Luctus Sit Amet Ltd"),(49,"710213794","Arcu Vel Institute"),(50,"663832350","Ipsum Limited");
INSERT IGNORE INTO `provider` (`id`,`siret`,`name`) VALUES (51,"184667632","Luctus Lobortis LLP"),(52,"837988500","Tincidunt Vehicula Risus Institute"),(53,"223911033","Odio LLP"),(54,"808741524","Ut Molestie Corporation"),(55,"198052755","Purus Sapien Company"),(56,"044682573","Molestie Orci Tincidunt PC"),(57,"310270772","Feugiat Nec Diam Consulting"),(58,"568895437","Morbi Quis Inc."),(59,"002974186","Arcu Vel Foundation"),(60,"610546855","Risus Corporation");
INSERT IGNORE INTO `provider` (`id`,`siret`,`name`) VALUES (61,"995285566","Non PC"),(62,"720642453","Nam Consequat Dolor Corp."),(63,"886434786","Faucibus Leo Foundation"),(64,"292214392","Vulputate Ltd"),(65,"593680648","At Velit Incorporated"),(66,"676849367","Vitae Erat Corp."),(67,"973675937","Non PC"),(68,"133430363","Vitae Diam Foundation"),(69,"917081424","Eu Foundation"),(70,"084969724","At Inc.");
INSERT IGNORE INTO `provider` (`id`,`siret`,`name`) VALUES (71,"434954558","Enim Consequat Institute"),(72,"246038202","Ipsum Dolor Company"),(73,"131153736","Mauris A Nunc Incorporated"),(74,"011669306","Interdum Curabitur Institute"),(75,"251393062","Augue Consulting"),(76,"243071099","Vulputate Nisi Sem LLC"),(77,"236069134","Rhoncus Donec Est LLP"),(78,"034540179","Volutpat LLC"),(79,"659758973","Blandit Enim Consequat LLP"),(80,"628851339","In Consectetuer Institute");
INSERT IGNORE INTO `provider` (`id`,`siret`,`name`) VALUES (81,"775049018","Eros Non Foundation"),(82,"629188491","Dui Cum Corporation"),(83,"601984750","Elit Pharetra Ut Inc."),(84,"835294174","Sodales PC"),(85,"328174180","Sed Sapien Nunc Institute"),(86,"705404788","Non Magna Nam Ltd"),(87,"020970430","Eu Eros Nam Associates"),(88,"596607580","Non Egestas A Company"),(89,"087900841","Quam A Felis Associates"),(90,"250570363","Proin Sed Consulting");
INSERT IGNORE INTO `provider` (`id`,`siret`,`name`) VALUES (91,"329844179","Ullamcorper Foundation"),(92,"434639696","Lorem Eget LLP"),(93,"155046170","Congue A Aliquet Corp."),(94,"991629395","Nulla Facilisis Suspendisse Corp."),(95,"636898645","Neque Morbi Industries"),(96,"898882642","Non Justo Proin Industries"),(97,"515639912","Nec Ante Limited"),(98,"039061643","Consequat Dolor Ltd"),(99,"535003834","Enim Inc."),(100,"124511551","Mauris Ut Industries");

INSERT IGNORE INTO user (username,password,email,first_name,last_name) VALUES ("Alfonso","436419840","non.sollicitudin@tellusNunc.com","Avram","Webb"),("Zeus","456154012","felis@idsapienCras.org","Hamilton","Alford"),("Ezekiel","297745028","eu.tellus.Phasellus@necdiamDuis.com","Amir","Ford"),("Dustin","060925344","turpis@Nullaegetmetus.edu","Benjamin","Larsen"),("George","961880275","Fusce.mi@Maecenas.co.uk","Wing","Hayes"),("Victor","015670763","sit@sed.edu","Damian","Harrington"),("Clinton","288918683","luctus.et@asollicitudinorci.net","Jason","Montgomery"),("Lars","136392156","enim@sagittis.edu","Cruz","Rogers"),("Brent","522580182","tempor@amalesuada.co.uk","Kenneth","Clements"),("Dante","497610584","id@nullaDonec.com","Kasimir","Ball");
INSERT IGNORE INTO user (username,password,email,first_name,last_name) VALUES ("Oscar","373748771","neque.non.quam@accumsaninterdumlibero.org","Slade","Jimenez"),("Dexter","541061164","nulla.Integer@euturpis.org","Baxter","Morgan"),("Brent","404449605","tempor.diam.dictum@parturientmontes.edu","Merritt","Mcfarland"),("Lucas","285776811","enim@quamCurabitur.org","Dylan","Flowers"),("Tanner","194219101","eu@lectusjustoeu.ca","Caldwell","Barry"),("Lance","299202648","imperdiet.ullamcorper@Donecat.ca","Abel","Cobb"),("Conan","340465749","dolor.sit.amet@vitaenibh.net","Sebastian","Nicholson"),("Dillon","359906393","Suspendisse.aliquet@actellusSuspendisse.co.uk","Blake","Mercer"),("Alec","881585004","Duis.mi.enim@nasceturridiculus.co.uk","Lyle","Mercer"),("Prescott","467997094","magnis@felis.ca","Vladimir","Martinez");
INSERT IGNORE INTO user (username,password,email,first_name,last_name) VALUES ("Christian","034169888","mi@ante.ca","Armando","Golden"),("Aladdin","275431385","sodales.elit.erat@consectetuereuismodest.co.uk","Xander","Daniels"),("Daniel","342017860","pede.sagittis.augue@Sedetlibero.net","Wesley","Charles"),("Murphy","037311644","gravida@justofaucibuslectus.edu","Dale","Lowery"),("Rashad","659498414","ultricies.dignissim.lacus@consectetueripsum.org","Clinton","Wooten"),("Brady","062911391","fringilla@lacusAliquamrutrum.ca","Preston","Fisher"),("Ignatius","605149145","sed.facilisis.vitae@diamdictum.edu","Joel","Lawrence"),("Jesse","750900565","ridiculus.mus@sodalesatvelit.org","Hakeem","Noble"),("Ross","027736545","Nullam@dolorquamelementum.ca","Luke","English"),("Silas","614670511","quis.diam@Nullaeget.org","Warren","Wright");
INSERT IGNORE INTO user (username,password,email,first_name,last_name) VALUES ("Oleg","755917515","commodo.hendrerit@laoreetliberoet.co.uk","Kevin","Woodard"),("Justin","192840403","Cras.lorem@neque.edu","Mason","Mclaughlin"),("Troy","139392914","et@quam.ca","Dane","Burnett"),("Walker","521298844","ut.odio.vel@porta.org","Malcolm","Bell"),("Dane","741935910","magna.Cras.convallis@musProinvel.com","Travis","Luna"),("Keane","438517583","tellus.faucibus.leo@lectusNullam.edu","Armando","Cameron"),("Upton","626924054","elit@disparturientmontes.net","Chadwick","Fowler"),("Eaton","762482842","sed@arcu.edu","Jasper","Best"),("Owen","576414064","ullamcorper@tincidunt.org","Adam","Hoover"),("Bruce","386456289","non.massa.non@posuereenim.co.uk","Gil","Potter");
INSERT IGNORE INTO user (username,password,email,first_name,last_name) VALUES ("Graiden","886913243","ornare.lectus@Nullainterdum.ca","Dillon","Roberson"),("Rafael","610106072","Nam@antedictum.org","Gary","Murphy"),("Hamilton","106166937","Mauris.non@odio.net","Lyle","Stuart"),("Harper","130335573","ac@molestietortornibh.com","Stephen","Todd"),("Wesley","918397605","ipsum.Suspendisse@aliquetodioEtiam.ca","Wade","Rojas"),("Sawyer","420417826","fringilla.mi.lacinia@ullamcorpernisl.edu","Carter","Tucker"),("Cooper","891524506","ornare.In.faucibus@sitametconsectetuer.org","Octavius","Randolph"),("Colin","083635730","Suspendisse.aliquet@ultricessitamet.net","Kibo","Macdonald"),("Beau","684948722","In.lorem.Donec@dictumeueleifend.co.uk","Ulysses","Hodge"),("Merrill","371174707","neque@arcuSedeu.com","Wyatt","Bender");
INSERT IGNORE INTO user (username,password,email,first_name,last_name) VALUES ("Hamish","327423943","molestie.in.tempus@accumsaninterdumlibero.ca","Graiden","Valentine"),("Salvador","095005377","Mauris.vel.turpis@enimcommodohendrerit.net","Ira","Dean"),("Dieter","875019580","gravida@duinec.net","Gil","Fuentes"),("Wyatt","408041887","mauris@liberoDonec.net","Shad","Dawson"),("Addison","754367316","tristique.senectus.et@Donectemporest.ca","Kermit","Hickman"),("Zeph","261324040","Quisque.tincidunt@natoquepenatibus.com","Graiden","Cameron"),("Jackson","640292140","elit.pede.malesuada@sapienimperdietornare.ca","Caldwell","Byers"),("Russell","324707074","eget.massa.Suspendisse@etmagnis.org","Louis","Ballard"),("Ezra","717775357","Vestibulum.ante.ipsum@eteuismodet.com","Dustin","Mullen"),("Ralph","446055196","et.euismod.et@Nulla.ca","Patrick","Church");
INSERT IGNORE INTO user (username,password,email,first_name,last_name) VALUES ("Cole","525502415","ornare@convallis.co.uk","Dennis","Hamilton"),("Nicholas","689966042","turpis.egestas.Aliquam@IncondimentumDonec.com","Elijah","Mooney"),("Christian","592342877","massa@lectus.ca","Benjamin","Terry"),("Hall","385193776","rhoncus.id.mollis@loremsit.edu","Cole","Dickerson"),("Austin","061531745","mi.eleifend@elitpellentesquea.org","Nissim","Payne"),("Derek","310868989","arcu.Morbi@apurus.org","Armand","Webster"),("Chandler","941721060","ante.blandit@pedeNuncsed.ca","Asher","Mcfadden"),("Noble","187604400","sed@utlacus.net","Acton","Carlson"),("Hop","828148528","Ut@eu.net","Griffith","Travis"),("Judah","783694110","justo@tempus.co.uk","Colt","Durham");
INSERT IGNORE INTO user (username,password,email,first_name,last_name) VALUES ("Hakeem","636176034","ipsum.primis.in@iaculisenim.edu","Raymond","Branch"),("Talon","517295127","Fusce.dolor@Nullamutnisi.ca","Daquan","Hardin"),("Wesley","979805843","Sed@orciquis.com","Chester","Hoover"),("Hall","507784312","Lorem.ipsum@malesuada.net","Mark","Nieves"),("Nash","908642457","mollis@tempuslorem.edu","Vincent","Mack"),("Russell","096994504","et.rutrum@necmaurisblandit.edu","Fritz","Quinn"),("Zachary","557831252","Cras.vulputate@a.com","Baxter","Tyson"),("Uriah","685115503","Morbi.sit.amet@sollicitudina.com","Chadwick","Crosby"),("Yasir","801799701","id@faucibusMorbivehicula.com","Wang","Ballard"),("Zachary","839063161","eu@erosNamconsequat.net","Nicholas","Britt");
INSERT IGNORE INTO user (username,password,email,first_name,last_name) VALUES ("Colin","754930162","at.pede.Cras@Quisqueac.com","Lucian","Stewart"),("Acton","703094029","Donec.felis.orci@uteratSed.com","Raphael","Rivers"),("Cedric","287682645","tincidunt.adipiscing.Mauris@pharetraut.com","Axel","Kent"),("Keegan","334432358","Mauris@auctornon.net","Orson","Chen"),("Mannix","517752432","sapien@dictumProin.com","Geoffrey","Rowe"),("Josiah","519264782","Lorem.ipsum.dolor@quamquis.co.uk","Evan","Baird"),("Justin","762367456","Integer.id@Nam.com","Fulton","Marshall"),("Felix","599842622","diam.Duis.mi@a.com","Hyatt","Mueller"),("Kyle","217885904","erat@metus.ca","Holmes","Perkins"),("Calvin","666242862","velit.Sed@sagittisplacerat.com","Xanthus","Hudson");
INSERT IGNORE INTO user (username,password,email,first_name,last_name) VALUES ("Felix","712769306","Duis.dignissim@Etiamgravida.ca","Graiden","Douglas"),("Griffin","458163607","vitae@tempusmauris.co.uk","Dennis","Rollins"),("Kenyon","336430038","malesuada@sociisnatoquepenatibus.org","Knox","Bradford"),("Nathan","150696094","pharetra@hendrerit.edu","Gray","Norman"),("Octavius","617856497","eleifend.Cras@varius.ca","Moses","Hoover"),("Xander","054623863","egestas.Duis@lacusCras.co.uk","Uriah","Doyle"),("Quinn","328091103","ligula@molestieintempus.com","Abbot","Quinn"),("Chadwick","398359315","fringilla@egetipsum.org","Hayden","Frazier"),("Camden","074422684","dolor.dapibus@Integer.net","Darius","Cotton"),("Kasper","277811410","dolor.elit@malesuadaiderat.com","Rajah","Underwood");

INSERT IGNORE INTO saved_order (id,total_price,delivery_date,provider_id,user_id) VALUES (1,60,"17/05/2018",78,38),(2,75,"24/05/2018",68,36),(3,85,"10/12/2018",50,40),(4,70,"27/03/2019",99,93),(5,66,"30/09/2017",76,4),(6,81,"18/09/2018",40,13),(7,21,"08/02/2018",27,87),(8,83,"02/07/2018",30,85),(9,92,"21/03/2018",9,35),(10,89,"14/06/2018",21,70);
INSERT IGNORE INTO saved_order (id,total_price,delivery_date,provider_id,user_id) VALUES (11,41,"25/03/2019",55,36),(12,52,"17/09/2017",58,17),(13,99,"02/05/2019",94,1),(14,53,"13/03/2019",100,65),(15,5,"22/12/2018",12,89),(16,33,"25/08/2018",43,28),(17,3,"12/08/2017",15,2),(18,7,"21/02/2019",40,48),(19,10,"06/10/2017",77,9),(20,57,"31/12/2018",42,100);
INSERT IGNORE INTO saved_order (id,total_price,delivery_date,provider_id,user_id) VALUES (21,20,"14/04/2019",39,86),(22,1,"18/08/2017",19,37),(23,67,"22/12/2017",87,68),(24,19,"22/10/2017",5,70),(25,17,"13/12/2017",44,15),(26,25,"27/08/2018",22,81),(27,56,"21/01/2018",76,57),(28,35,"30/06/2018",34,85),(29,67,"14/01/2019",50,88),(30,25,"13/01/2019",99,84);
INSERT IGNORE INTO saved_order (id,total_price,delivery_date,provider_id,user_id) VALUES (31,31,"27/08/2017",33,37),(32,72,"14/08/2018",82,77),(33,21,"22/02/2018",99,79),(34,13,"01/05/2019",37,14),(35,93,"15/11/2018",48,52),(36,98,"29/03/2019",82,42),(37,72,"31/05/2018",73,93),(38,6,"15/08/2017",39,22),(39,9,"12/08/2018",29,77),(40,52,"27/10/2017",41,66);
INSERT IGNORE INTO saved_order (id,total_price,delivery_date,provider_id,user_id) VALUES (41,7,"28/04/2018",72,58),(42,22,"29/03/2019",69,38),(43,8,"10/11/2017",83,47),(44,100,"02/06/2017",10,38),(45,100,"15/04/2019",47,28),(46,76,"09/10/2018",5,2),(47,55,"19/02/2019",15,44),(48,57,"01/06/2017",57,22),(49,87,"30/05/2018",14,57),(50,18,"17/09/2017",19,75);
INSERT IGNORE INTO saved_order (id,total_price,delivery_date,provider_id,user_id) VALUES (51,48,"29/09/2017",53,27),(52,55,"27/05/2017",88,95),(53,83,"10/08/2018",77,41),(54,100,"28/04/2018",27,84),(55,78,"12/07/2018",38,41),(56,88,"21/03/2019",78,7),(57,71,"05/05/2018",67,93),(58,82,"16/03/2019",88,44),(59,10,"19/10/2018",96,94),(60,87,"19/06/2018",41,56);
INSERT IGNORE INTO saved_order (id,total_price,delivery_date,provider_id,user_id) VALUES (61,3,"17/01/2018",49,54),(62,29,"11/12/2017",76,77),(63,81,"10/03/2018",28,90),(64,58,"22/08/2018",62,99),(65,8,"27/01/2019",11,12),(66,34,"14/11/2018",95,23),(67,56,"10/11/2018",92,20),(68,67,"31/12/2018",89,67),(69,68,"25/12/2017",9,30),(70,99,"16/08/2018",22,68);
INSERT IGNORE INTO saved_order (id,total_price,delivery_date,provider_id,user_id) VALUES (71,62,"21/06/2018",23,92),(72,30,"11/07/2018",71,41),(73,39,"14/02/2018",98,61),(74,38,"09/12/2017",84,46),(75,20,"22/12/2018",13,5),(76,19,"17/05/2019",82,65),(77,77,"30/10/2018",27,98),(78,48,"26/11/2017",12,32),(79,85,"08/01/2019",29,50),(80,69,"16/08/2017",83,75);
INSERT IGNORE INTO saved_order (id,total_price,delivery_date,provider_id,user_id) VALUES (81,1,"18/07/2018",59,59),(82,64,"14/02/2018",3,57),(83,74,"05/02/2018",1,71),(84,77,"09/02/2019",12,13),(85,43,"29/09/2017",84,1),(86,72,"19/06/2018",87,63),(87,78,"21/02/2018",33,66),(88,64,"09/10/2018",79,98),(89,57,"09/12/2018",80,40),(90,43,"23/04/2019",95,94);
INSERT IGNORE INTO saved_order (id,total_price,delivery_date,provider_id,user_id) VALUES (91,32,"19/07/2017",82,25),(92,23,"18/05/2019",71,41),(93,70,"03/04/2019",12,67),(94,5,"14/04/2018",53,42),(95,44,"07/09/2018",96,31),(96,17,"09/02/2019",27,42),(97,13,"27/02/2018",77,34),(98,9,"27/09/2018",75,26),(99,65,"24/07/2017",81,92),(100,75,"24/04/2018",23,14);

INSERT IGNORE INTO catalog (reference,unit_sale_price,supply_id,provider_id) VALUES ("867798001-00006",80,25,80),("050368232-00000",40,96,39),("219559614-00009",86,67,84),("260347836-00009",15,63,70),("530626837-00005",80,98,47),("008934796-00007",82,22,31),("288006968-00003",40,63,11),("016088247-00008",66,53,71),("210548921-00001",59,58,14),("328934872-00008",11,21,1);
INSERT IGNORE INTO catalog (reference,unit_sale_price,supply_id,provider_id) VALUES ("477603229-00006",74,19,15),("743395519-00007",45,90,93),("008291999-00004",27,71,22),("246760425-00008",98,79,17),("282962984-00005",86,76,46),("575321443-00005",89,50,10),("714519204-00008",36,77,100),("313576803-00008",42,72,50),("852768571-00006",42,40,76),("427978556-00004",34,25,31);
INSERT IGNORE INTO catalog (reference,unit_sale_price,supply_id,provider_id) VALUES ("590822532-00008",94,92,100),("889619532-00001",25,2,75),("480556893-00000",23,64,73),("523275980-00002",69,14,2),("093312106-00003",60,29,55),("691893986-00006",15,78,57),("654894120-00009",83,53,7),("375966827-00004",95,51,50),("396430233-00009",50,23,28),("912531076-00004",76,10,77);
INSERT IGNORE INTO catalog (reference,unit_sale_price,supply_id,provider_id) VALUES ("203708391-00008",64,27,25),("834816811-00006",69,92,95),("262874506-00005",97,93,91),("730266459-00009",77,71,63),("837272517-00009",75,29,42),("096361878-00000",38,7,46),("644447260-00006",68,56,50),("289169435-00004",97,89,15),("879056265-00009",84,1,59),("627122054-00000",82,19,71);
INSERT IGNORE INTO catalog (reference,unit_sale_price,supply_id,provider_id) VALUES ("964838056-00007",72,96,28),("901631440-00004",56,14,68),("862814233-00006",62,4,98),("325343168-00002",25,69,38),("928708585-00007",30,66,94),("499063196-00004",86,81,74),("181487638-00007",33,65,2),("971101167-00007",10,26,90),("515410033-00002",4,71,17),("596553131-00001",99,14,72);
INSERT IGNORE INTO catalog (reference,unit_sale_price,supply_id,provider_id) VALUES ("398036665-00006",73,76,54),("715099107-00008",58,21,17),("608824678-00007",83,18,52),("768482788-00009",1,78,44),("246192405-00008",46,46,78),("005186259-00007",76,91,100),("848635330-00006",30,24,82),("311300370-00005",76,47,13),("597843077-00004",28,45,93),("262468135-00005",71,87,87);
INSERT IGNORE INTO catalog (reference,unit_sale_price,supply_id,provider_id) VALUES ("899773311-00001",6,92,99),("822214912-00005",1,19,18),("785701178-00002",30,12,73),("384576211-00005",85,36,6),("807014485-00005",19,17,93),("616898201-00002",72,7,62),("852546282-00009",45,35,73),("172951394-00003",55,58,64),("817360555-00004",48,99,36),("695518266-00009",22,29,74);
INSERT IGNORE INTO catalog (reference,unit_sale_price,supply_id,provider_id) VALUES ("891893000-00002",59,61,13),("569169949-00009",93,73,98),("820555837-00005",44,54,24),("973666993-00009",11,58,47),("388373979-00003",14,73,34),("791911142-00002",50,13,39),("020375366-00000",96,76,44),("331877258-00003",77,64,85),("285178232-00002",33,10,16),("885688440-00001",31,82,42);
INSERT IGNORE INTO catalog (reference,unit_sale_price,supply_id,provider_id) VALUES ("970270740-00008",64,78,44),("737382648-00001",90,37,38),("755401841-00001",5,52,45),("487346207-00003",98,21,87),("886821669-00001",97,4,22),("691048532-00002",90,24,6),("467820981-00000",63,61,74),("991606476-00000",21,36,6),("729993253-00008",54,40,85),("387471279-00001",78,3,43);
INSERT IGNORE INTO catalog (reference,unit_sale_price,supply_id,provider_id) VALUES ("128690864-00003",23,49,63),("800116196-00000",68,16,85),("151400561-00008",7,77,28),("247675564-00006",31,63,68),("604777136-00002",99,58,78),("794582494-00009",94,2,30),("630343770-00008",18,55,74),("537797805-00000",96,45,2),("845761014-00008",15,94,90),("006674857-00005",6,93,78);

INSERT IGNORE INTO contact (email,first_name,last_name,phone_number,provider_id) VALUES ("dolor.dapibus.gravida@Curabitur.ca","Vladimir","Soto","02 38 88 66 58",87),("Cum.sociis@SednequeSed.co.uk","Isaac","Solomon","05 28 14 23 33",32),("nunc.In.at@dolorelitpellentesque.com","Jameson","Hinton","09 65 09 82 59",92),("ac.fermentum@risusInmi.org","Linus","Mcmahon","02 05 56 26 48",48),("Aenean@erosnectellus.net","Dieter","Griffin","02 16 54 77 18",77),("vulputate.velit.eu@parturient.com","Kibo","Roberson","07 95 33 26 49",72),("tincidunt@ultricessit.ca","Calvin","Kaufman","02 03 76 47 46",36),("lorem.ac.risus@pede.ca","Hall","Snyder","07 66 15 35 24",83),("mauris@commodo.edu","Tobias","Merritt","07 10 57 94 30",46),("aliquam.iaculis.lacus@interdumenimnon.org","Maxwell","Mann","09 93 78 70 94",84);
INSERT IGNORE INTO contact (email,first_name,last_name,phone_number,provider_id) VALUES ("risus.Nulla.eget@quamvel.com","Baker","Beck","08 83 86 96 24",72),("faucibus.leo@eratvelpede.edu","Nasim","Morgan","04 29 91 09 35",91),("quam@consequatnecmollis.net","Amir","Wallace","07 41 41 98 35",40),("Aliquam.vulputate@idsapien.edu","Hamish","Shepard","01 18 90 64 54",67),("iaculis.nec@diam.org","Jameson","Bishop","02 09 73 14 00",23),("sed@quisdiamPellentesque.org","Aladdin","Kennedy","09 03 50 70 93",27),("nec@nullavulputatedui.co.uk","William","Berger","05 48 57 70 44",82),("libero.Morbi@semsempererat.edu","Thane","Walton","04 61 70 85 33",99),("ut.eros.non@lorem.org","Wyatt","Butler","05 45 27 70 42",58),("pharetra.nibh.Aliquam@sem.edu","Abel","Richards","02 54 75 47 82",99);
INSERT IGNORE INTO contact (email,first_name,last_name,phone_number,provider_id) VALUES ("Proin.non@vulputate.com","Brandon","Pennington","02 77 26 15 30",74),("ac.libero@nostraper.ca","Chancellor","Alvarez","07 54 42 32 37",4),("nibh.vulputate@nonarcu.co.uk","Cole","Rosario","09 54 17 24 82",19),("ante.Maecenas.mi@ipsum.net","Christian","Travis","05 11 70 19 79",21),("Maecenas.ornare@nequesed.co.uk","Oren","Ewing","07 63 36 91 67",55),("ut@torquentper.net","Hu","Reed","03 31 59 49 99",61),("sem@adipiscingMauris.com","Daquan","Boyle","09 09 96 88 53",60),("dolor.Quisque.tincidunt@eget.net","Nolan","Cline","09 50 42 16 39",65),("sem@ligulaAliquam.edu","Ulysses","Conley","08 22 60 73 05",63),("aliquet.magna.a@posuere.co.uk","Louis","Baldwin","02 33 31 79 33",36);
INSERT IGNORE INTO contact (email,first_name,last_name,phone_number,provider_id) VALUES ("lacus.Etiam.bibendum@utpellentesqueeget.co.uk","Kevin","Pitts","05 17 47 10 89",3),("lorem.fringilla.ornare@diam.org","Giacomo","Hall","01 20 32 32 82",17),("at.fringilla.purus@acorci.net","Hu","Griffith","08 94 84 19 91",30),("arcu.vel.quam@Craseu.edu","Tanek","Chapman","05 07 04 33 07",2),("lorem@dapibusligula.co.uk","Armand","Jackson","02 31 29 59 33",5),("ipsum.cursus.vestibulum@Nuncmauris.net","Leo","Fulton","05 79 45 15 61",85),("elit.elit@Praesenteu.co.uk","Quamar","Nicholson","01 89 41 38 04",36),("ligula.Donec.luctus@dolorsitamet.ca","Jack","Harrington","01 47 02 81 78",11),("a.facilisis.non@fermentum.org","Xanthus","Hurley","05 60 38 56 54",100),("in@velvulputateeu.com","Oren","Forbes","09 23 88 24 72",45);
INSERT IGNORE INTO contact (email,first_name,last_name,phone_number,provider_id) VALUES ("Sed.eget.lacus@utmolestiein.edu","Ciaran","Henson","07 58 84 74 86",72),("per@magnisdisparturient.net","Jason","Owen","08 28 59 22 77",44),("nonummy.Fusce@anuncIn.ca","Eagan","Simpson","03 50 79 55 19",15),("mauris@enimcondimentum.co.uk","Yoshio","Wiley","03 18 16 82 96",12),("laoreet.lectus.quis@aliquetvelvulputate.net","Plato","Turner","06 82 05 84 74",78),("Phasellus.dapibus.quam@tempuslorem.ca","Malachi","Boyd","02 64 18 90 24",43),("Maecenas@dui.edu","Nicholas","Branch","08 09 16 91 87",92),("rhoncus@Praesenteu.ca","Theodore","Wiley","04 00 19 53 95",12),("Curabitur.consequat.lectus@Aenean.net","Mark","Schroeder","07 59 54 91 20",70),("feugiat@temporbibendum.ca","Michael","Munoz","07 70 68 24 86",84);
INSERT IGNORE INTO contact (email,first_name,last_name,phone_number,provider_id) VALUES ("interdum@estconguea.com","Geoffrey","Nguyen","03 01 48 57 48",63),("tristique.neque.venenatis@DuisgravidaPraesent.org","Adam","Patton","01 87 66 56 95",85),("Sed.diam@vel.net","Damon","Mullins","01 00 50 34 01",30),("tristique@tinciduntdui.org","Abel","Mckee","01 58 89 71 27",89),("Sed.diam@eu.org","Luke","Barrera","05 75 34 65 97",3),("ridiculus.mus.Proin@sodales.net","Rogan","Leach","08 46 96 40 06",49),("Vivamus.non.lorem@liberoestcongue.org","Hayden","Oliver","08 36 08 26 11",94),("mauris.Morbi.non@magna.ca","Tiger","Galloway","04 04 51 34 92",89),("urna.suscipit.nonummy@Donec.edu","Rafael","Reed","09 69 73 93 60",38),("luctus.ut@Integerid.net","Elliott","Wells","06 52 63 77 32",61);
INSERT IGNORE INTO contact (email,first_name,last_name,phone_number,provider_id) VALUES ("ligula.consectetuer@justoProin.org","Colton","Bernard","05 87 53 38 59",50),("libero.Proin.sed@sagittisNullam.edu","Kenneth","Vang","04 20 39 73 68",55),("at@eratvel.edu","Ignatius","William","05 26 53 12 21",61),("elit@loremipsumsodales.ca","Garth","Maddox","02 56 13 09 18",6),("vel@auctornunc.co.uk","Damon","Santana","09 66 68 90 32",10),("Aliquam.auctor@Namporttitorscelerisque.net","Marvin","Bailey","02 17 28 83 98",12),("elit@lacusEtiam.ca","Beau","Sosa","06 28 32 10 63",99),("ultricies.adipiscing@arcu.ca","Louis","Fitzgerald","07 40 88 72 65",39),("elit.fermentum.risus@congueInscelerisque.net","Troy","Wiggins","05 70 08 68 34",56),("Quisque.libero.lacus@quamelementum.edu","Lucius","Burks","04 02 48 16 79",95);
INSERT IGNORE INTO contact (email,first_name,last_name,phone_number,provider_id) VALUES ("sodales.purus@turpis.net","Gil","Pena","08 14 52 75 63",72),("non.justo@nibhdolor.ca","Drew","Lynn","06 48 32 80 91",29),("tristique@egetvenenatis.ca","Maxwell","Rose","09 71 97 21 13",50),("metus@Vivamusmolestie.edu","Leonard","Bond","02 86 11 28 44",51),("Mauris@aliquet.ca","Josiah","Lindsay","07 50 42 18 88",40),("feugiat@consectetueradipiscing.edu","Ronan","Marsh","05 12 69 63 56",48),("lorem.semper.auctor@Nullamlobortisquam.co.uk","Keegan","Wolfe","09 68 50 02 58",3),("vitae.diam@consectetuermauris.co.uk","Lev","Valencia","06 03 25 33 70",61),("pharetra@Aeneaneuismod.org","Octavius","Stone","04 89 38 77 57",66),("ipsum.dolor.sit@dictum.co.uk","Brock","Curtis","07 28 62 41 38",99);
INSERT IGNORE INTO contact (email,first_name,last_name,phone_number,provider_id) VALUES ("Duis.at.lacus@venenatislacusEtiam.net","Ryder","Kerr","08 03 66 25 73",56),("aliquet.nec@ornarelibero.com","Vaughan","Fry","07 49 39 85 45",24),("velit.dui.semper@nec.ca","Leo","Bernard","06 61 18 30 88",87),("mollis@maurisMorbi.org","Tucker","Shaffer","06 30 06 95 79",22),("ac@ornareplacerat.co.uk","Silas","Rush","05 48 14 32 57",39),("nibh@lectusNullamsuscipit.com","Lawrence","Horton","06 32 97 96 89",84),("auctor@venenatisa.org","Leo","Stokes","06 93 24 24 14",33),("ante.dictum@lacusvestibulumlorem.org","Hayes","Lopez","09 76 46 36 49",79),("turpis.non@dolordapibus.ca","Jameson","Washington","04 70 65 06 15",40),("gravida@at.com","Ashton","Valdez","06 14 18 77 33",73);
INSERT IGNORE INTO contact (email,first_name,last_name,phone_number,provider_id) VALUES ("mauris.id@ipsum.co.uk","Tiger","Orr","05 38 30 15 36",95),("metus.In.nec@nuncsedlibero.ca","Steel","Henry","02 10 59 33 92",61),("ornare.lectus@risus.org","Brandon","Kent","02 54 91 97 30",88),("Aenean.gravida.nunc@convallis.co.uk","Dane","Compton","03 81 96 27 12",47),("convallis.convallis.dolor@ametluctus.net","Ian","Mccall","01 32 31 18 68",25),("nibh@semperrutrum.ca","Branden","Dickson","08 89 59 11 76",60),("sem@DonecegestasAliquam.org","Lev","Raymond","04 68 72 89 19",73),("amet.luctus.vulputate@id.edu","Neil","Henson","04 19 20 82 15",55),("Nullam.enim@pede.com","Hall","Mendoza","08 93 85 53 45",38),("fermentum@nunc.net","Erich","Santiago","09 79 51 36 81",55);

INSERT IGNORE INTO delivery_entry (id,comment,delivery_date,quantity,order_line_id) VALUES (1,"convallis ligula. Donec luctus aliquet odio. Etiam ligula tortor, dictum","31/01/2019",2,56),(2,"neque venenatis lacus. Etiam bibendum fermentum metus. Aenean sed pede","26/05/2017",83,87),(3,"Cras sed leo. Cras vehicula aliquet libero. Integer in magna.","10/09/2017",37,65),(4,"velit justo nec ante. Maecenas mi felis, adipiscing fringilla, porttitor","31/01/2018",12,88),(5,"risus. Donec egestas. Duis ac arcu. Nunc mauris. Morbi non","12/07/2018",29,70),(6,"velit eu sem. Pellentesque ut ipsum ac mi eleifend egestas.","01/11/2018",82,38),(7,"dignissim lacus. Aliquam rutrum lorem ac risus. Morbi metus. Vivamus","08/06/2018",31,5),(8,"venenatis lacus. Etiam bibendum fermentum metus. Aenean sed pede nec","29/08/2018",63,91),(9,"ac nulla. In tincidunt congue turpis. In condimentum. Donec at","28/02/2019",65,96),(10,"enim mi tempor lorem, eget mollis lectus pede et risus.","04/09/2018",4,89);
INSERT IGNORE INTO delivery_entry (id,comment,delivery_date,quantity,order_line_id) VALUES (11,"feugiat non, lobortis quis, pede. Suspendisse dui. Fusce diam nunc,","03/04/2019",40,62),(12,"velit dui, semper et, lacinia vitae, sodales at, velit. Pellentesque","17/07/2018",30,67),(13,"nunc. Quisque ornare tortor at risus. Nunc ac sem ut","31/08/2017",42,91),(14,"dolor sit amet, consectetuer adipiscing elit. Aliquam auctor, velit eget","09/04/2019",46,43),(15,"ipsum ac mi eleifend egestas. Sed pharetra, felis eget varius","11/10/2018",56,100),(16,"Nunc lectus pede, ultrices a, auctor non, feugiat nec, diam.","18/05/2018",20,54),(17,"eu, euismod ac, fermentum vel, mauris. Integer sem elit, pharetra","26/06/2017",97,15),(18,"lobortis. Class aptent taciti sociosqu ad litora torquent per conubia","19/06/2017",92,16),(19,"dictum. Phasellus in felis. Nulla tempor augue ac ipsum. Phasellus","22/09/2017",10,2),(20,"sodales. Mauris blandit enim consequat purus. Maecenas libero est, congue","24/10/2017",75,69);
INSERT IGNORE INTO delivery_entry (id,comment,delivery_date,quantity,order_line_id) VALUES (21,"Nunc mauris. Morbi non sapien molestie orci tincidunt adipiscing. Mauris","24/01/2018",8,49),(22,"auctor velit. Aliquam nisl. Nulla eu neque pellentesque massa lobortis","17/08/2018",6,40),(23,"Cras convallis convallis dolor. Quisque tincidunt pede ac urna. Ut","19/12/2018",64,11),(24,"aptent taciti sociosqu ad litora torquent per conubia nostra, per","01/09/2018",50,9),(25,"rhoncus id, mollis nec, cursus a, enim. Suspendisse aliquet, sem","10/06/2018",29,71),(26,"faucibus orci luctus et ultrices posuere cubilia Curae; Donec tincidunt.","09/07/2018",25,3),(27,"Quisque nonummy ipsum non arcu. Vivamus sit amet risus. Donec","21/04/2019",16,64),(28,"bibendum ullamcorper. Duis cursus, diam at pretium aliquet, metus urna","21/06/2018",82,61),(29,"nascetur ridiculus mus. Aenean eget magna. Suspendisse tristique neque venenatis","23/01/2018",61,23),(30,"arcu vel quam dignissim pharetra. Nam ac nulla. In tincidunt","07/09/2018",58,83);
INSERT IGNORE INTO delivery_entry (id,comment,delivery_date,quantity,order_line_id) VALUES (31,"Mauris ut quam vel sapien imperdiet ornare. In faucibus. Morbi","13/10/2017",69,54),(32,"Duis ac arcu. Nunc mauris. Morbi non sapien molestie orci","17/10/2018",86,56),(33,"rhoncus id, mollis nec, cursus a, enim. Suspendisse aliquet, sem","15/12/2017",25,6),(34,"Aliquam ornare, libero at auctor ullamcorper, nisl arcu iaculis enim,","08/01/2018",26,29),(35,"augue, eu tempor erat neque non quam. Pellentesque habitant morbi","10/11/2018",53,72),(36,"ante. Vivamus non lorem vitae odio sagittis semper. Nam tempor","12/04/2018",80,46),(37,"gravida molestie arcu. Sed eu nibh vulputate mauris sagittis placerat.","05/09/2017",26,31),(38,"id, libero. Donec consectetuer mauris id sapien. Cras dolor dolor,","21/02/2018",57,16),(39,"Nulla eu neque pellentesque massa lobortis ultrices. Vivamus rhoncus. Donec","01/06/2017",82,87),(40,"erat volutpat. Nulla facilisis. Suspendisse commodo tincidunt nibh. Phasellus nulla.","06/04/2018",69,38);
INSERT IGNORE INTO delivery_entry (id,comment,delivery_date,quantity,order_line_id) VALUES (41,"metus. In nec orci. Donec nibh. Quisque nonummy ipsum non","24/08/2017",49,14),(42,"dictum. Proin eget odio. Aliquam vulputate ullamcorper magna. Sed eu","07/01/2018",56,75),(43,"Duis elementum, dui quis accumsan convallis, ante lectus convallis est,","06/04/2018",67,79),(44,"et, rutrum eu, ultrices sit amet, risus. Donec nibh enim,","21/09/2017",75,93),(45,"mauris. Suspendisse aliquet molestie tellus. Aenean egestas hendrerit neque. In","22/04/2019",80,95),(46,"magna a tortor. Nunc commodo auctor velit. Aliquam nisl. Nulla","10/01/2018",38,57),(47,"aliquet. Phasellus fermentum convallis ligula. Donec luctus aliquet odio. Etiam","23/12/2017",99,84),(48,"ullamcorper. Duis cursus, diam at pretium aliquet, metus urna convallis","04/11/2017",72,33),(49,"aliquet. Proin velit. Sed malesuada augue ut lacus. Nulla tincidunt,","16/06/2018",82,1),(50,"Nullam enim. Sed nulla ante, iaculis nec, eleifend non, dapibus","13/07/2017",10,1);
INSERT IGNORE INTO delivery_entry (id,comment,delivery_date,quantity,order_line_id) VALUES (51,"neque. Nullam ut nisi a odio semper cursus. Integer mollis.","23/03/2018",34,1),(52,"Quisque ac libero nec ligula consectetuer rhoncus. Nullam velit dui,","20/12/2018",83,70),(53,"imperdiet non, vestibulum nec, euismod in, dolor. Fusce feugiat. Lorem","19/03/2018",33,94),(54,"nunc nulla vulputate dui, nec tempus mauris erat eget ipsum.","05/03/2019",22,30),(55,"lorem, vehicula et, rutrum eu, ultrices sit amet, risus. Donec","21/08/2018",13,63),(56,"dui, nec tempus mauris erat eget ipsum. Suspendisse sagittis. Nullam","20/05/2018",25,79),(57,"Quisque porttitor eros nec tellus. Nunc lectus pede, ultrices a,","13/11/2018",23,59),(58,"at, nisi. Cum sociis natoque penatibus et magnis dis parturient","26/09/2018",18,51),(59,"tempor erat neque non quam. Pellentesque habitant morbi tristique senectus","26/09/2018",99,82),(60,"sed, est. Nunc laoreet lectus quis massa. Mauris vestibulum, neque","06/03/2018",24,85);
INSERT IGNORE INTO delivery_entry (id,comment,delivery_date,quantity,order_line_id) VALUES (61,"arcu. Vestibulum ante ipsum primis in faucibus orci luctus et","13/01/2018",95,80),(62,"Aenean eget metus. In nec orci. Donec nibh. Quisque nonummy","10/02/2019",8,68),(63,"sociis natoque penatibus et magnis dis parturient montes, nascetur ridiculus","12/03/2018",89,46),(64,"fringilla ornare placerat, orci lacus vestibulum lorem, sit amet ultricies","16/11/2017",88,94),(65,"dictum cursus. Nunc mauris elit, dictum eu, eleifend nec, malesuada","14/10/2017",59,57),(66,"Sed nec metus facilisis lorem tristique aliquet. Phasellus fermentum convallis","04/10/2017",34,52),(67,"dui. Cras pellentesque. Sed dictum. Proin eget odio. Aliquam vulputate","09/10/2018",7,25),(68,"tellus justo sit amet nulla. Donec non justo. Proin non","25/10/2017",6,81),(69,"lobortis quam a felis ullamcorper viverra. Maecenas iaculis aliquet diam.","10/07/2017",20,74),(70,"sit amet ultricies sem magna nec quam. Curabitur vel lectus.","10/05/2018",35,53);
INSERT IGNORE INTO delivery_entry (id,comment,delivery_date,quantity,order_line_id) VALUES (71,"parturient montes, nascetur ridiculus mus. Proin vel nisl. Quisque fringilla","01/09/2018",74,60),(72,"eu lacus. Quisque imperdiet, erat nonummy ultricies ornare, elit elit","19/01/2018",100,72),(73,"Aenean gravida nunc sed pede. Cum sociis natoque penatibus et","26/09/2018",25,47),(74,"Aliquam nisl. Nulla eu neque pellentesque massa lobortis ultrices. Vivamus","25/04/2019",20,90),(75,"neque tellus, imperdiet non, vestibulum nec, euismod in, dolor. Fusce","31/12/2018",19,77),(76,"porttitor vulputate, posuere vulputate, lacus. Cras interdum. Nunc sollicitudin commodo","07/06/2017",98,67),(77,"mauris eu elit. Nulla facilisi. Sed neque. Sed eget lacus.","11/01/2019",15,94),(78,"accumsan convallis, ante lectus convallis est, vitae sodales nisi magna","16/12/2018",32,59),(79,"risus. Quisque libero lacus, varius et, euismod et, commodo at,","30/11/2018",45,68),(80,"pellentesque eget, dictum placerat, augue. Sed molestie. Sed id risus","06/09/2018",69,55);
INSERT IGNORE INTO delivery_entry (id,comment,delivery_date,quantity,order_line_id) VALUES (81,"Donec at arcu. Vestibulum ante ipsum primis in faucibus orci","13/10/2018",61,59),(82,"ligula. Nullam feugiat placerat velit. Quisque varius. Nam porttitor scelerisque","16/05/2019",60,16),(83,"Nulla eu neque pellentesque massa lobortis ultrices. Vivamus rhoncus. Donec","14/11/2017",34,48),(84,"Aliquam gravida mauris ut mi. Duis risus odio, auctor vitae,","27/04/2019",94,78),(85,"mauris elit, dictum eu, eleifend nec, malesuada ut, sem. Nulla","19/11/2017",79,43),(86,"lacinia orci, consectetuer euismod est arcu ac orci. Ut semper","03/12/2017",12,100),(87,"condimentum eget, volutpat ornare, facilisis eget, ipsum. Donec sollicitudin adipiscing","01/02/2019",49,72),(88,"tellus lorem eu metus. In lorem. Donec elementum, lorem ut","28/06/2018",42,36),(89,"molestie. Sed id risus quis diam luctus lobortis. Class aptent","19/06/2017",53,22),(90,"eleifend egestas. Sed pharetra, felis eget varius ultrices, mauris ipsum","25/09/2018",48,40);
INSERT IGNORE INTO delivery_entry (id,comment,delivery_date,quantity,order_line_id) VALUES (91,"sit amet, consectetuer adipiscing elit. Etiam laoreet, libero et tristique","15/03/2018",8,61),(92,"risus. Nulla eget metus eu erat semper rutrum. Fusce dolor","29/09/2018",29,34),(93,"arcu. Aliquam ultrices iaculis odio. Nam interdum enim non nisi.","02/03/2018",82,67),(94,"faucibus orci luctus et ultrices posuere cubilia Curae; Phasellus ornare.","03/11/2017",66,64),(95,"facilisis, magna tellus faucibus leo, in lobortis tellus justo sit","28/05/2018",93,55),(96,"sit amet orci. Ut sagittis lobortis mauris. Suspendisse aliquet molestie","10/03/2019",100,97),(97,"senectus et netus et malesuada fames ac turpis egestas. Aliquam","12/08/2017",83,43),(98,"ac mattis ornare, lectus ante dictum mi, ac mattis velit","09/09/2017",74,54),(99,"vitae velit egestas lacinia. Sed congue, elit sed consequat auctor,","19/09/2017",10,41),(100,"aliquet diam. Sed diam lorem, auctor quis, tristique ac, eleifend","19/10/2018",41,83);

INSERT IGNORE INTO order_line (id,planned_delivery_date,quantity,total_price,saved_order_id,supply_id) VALUES (1,"03/10/2018",63,12,64,56),(2,"16/07/2017",19,98,16,5),(3,"24/08/2017",23,78,38,3),(4,"24/12/2017",40,47,17,42),(5,"28/01/2018",20,65,51,82),(6,"03/05/2019",31,37,27,58),(7,"18/12/2018",47,3,53,89),(8,"11/02/2018",87,19,44,99),(9,"13/09/2017",74,52,31,77),(10,"10/11/2017",86,76,70,60);
INSERT IGNORE INTO order_line (id,planned_delivery_date,quantity,total_price,saved_order_id,supply_id) VALUES (11,"10/02/2019",67,66,64,36),(12,"11/05/2018",63,79,50,16),(13,"10/06/2017",44,72,44,77),(14,"20/10/2017",49,94,14,80),(15,"30/07/2018",61,43,14,29),(16,"25/04/2019",45,99,19,25),(17,"17/03/2019",4,95,18,100),(18,"10/11/2017",65,25,15,75),(19,"14/02/2019",80,73,19,51),(20,"11/03/2019",53,61,2,26);
INSERT IGNORE INTO order_line (id,planned_delivery_date,quantity,total_price,saved_order_id,supply_id) VALUES (21,"06/10/2018",4,87,40,57),(22,"14/05/2019",11,90,96,23),(23,"30/09/2018",53,55,24,53),(24,"26/01/2019",30,76,8,82),(25,"03/10/2018",53,31,10,24),(26,"30/03/2018",71,18,85,17),(27,"13/03/2019",49,59,87,13),(28,"08/10/2018",99,65,32,35),(29,"21/01/2019",79,23,61,79),(30,"01/06/2017",28,49,61,67);
INSERT IGNORE INTO order_line (id,planned_delivery_date,quantity,total_price,saved_order_id,supply_id) VALUES (31,"06/05/2018",6,100,17,7),(32,"12/06/2017",57,32,32,24),(33,"01/07/2017",46,67,77,62),(34,"20/06/2018",72,79,66,32),(35,"07/11/2017",5,37,11,66),(36,"24/06/2018",21,4,63,84),(37,"01/12/2018",93,13,51,62),(38,"09/11/2017",55,53,55,98),(39,"16/12/2017",51,76,63,82),(40,"04/06/2018",37,21,74,71);
INSERT IGNORE INTO order_line (id,planned_delivery_date,quantity,total_price,saved_order_id,supply_id) VALUES (41,"10/11/2017",19,59,97,40),(42,"23/08/2018",23,20,12,24),(43,"13/04/2018",26,59,56,51),(44,"19/04/2018",91,48,68,87),(45,"22/05/2017",92,91,23,17),(46,"22/07/2018",68,90,38,30),(47,"17/04/2018",51,10,91,77),(48,"02/05/2018",19,11,49,71),(49,"08/09/2017",48,30,78,90),(50,"16/06/2018",62,79,21,20);
INSERT IGNORE INTO order_line (id,planned_delivery_date,quantity,total_price,saved_order_id,supply_id) VALUES (51,"14/09/2018",43,67,40,58),(52,"30/01/2018",4,44,86,33),(53,"06/06/2018",6,97,16,28),(54,"03/10/2017",27,78,36,77),(55,"23/06/2018",6,55,68,88),(56,"24/12/2017",74,3,37,11),(57,"28/01/2019",71,91,69,89),(58,"01/12/2018",42,49,81,42),(59,"08/08/2018",34,62,42,80),(60,"03/11/2018",26,49,38,92);
INSERT IGNORE INTO order_line (id,planned_delivery_date,quantity,total_price,saved_order_id,supply_id) VALUES (61,"27/08/2018",42,25,90,58),(62,"27/09/2017",33,93,71,38),(63,"11/04/2018",87,1,94,37),(64,"15/06/2017",3,45,12,95),(65,"21/12/2018",83,13,65,85),(66,"03/05/2018",75,81,77,66),(67,"27/03/2019",8,39,43,27),(68,"27/08/2018",62,91,96,42),(69,"15/03/2018",35,98,64,2),(70,"19/07/2018",2,53,31,92);
INSERT IGNORE INTO order_line (id,planned_delivery_date,quantity,total_price,saved_order_id,supply_id) VALUES (71,"04/10/2017",91,62,83,60),(72,"04/12/2018",54,87,41,25),(73,"01/08/2018",4,16,81,55),(74,"04/12/2017",35,49,75,46),(75,"27/04/2019",51,61,79,7),(76,"24/02/2019",60,68,85,54),(77,"17/07/2017",73,13,98,48),(78,"08/12/2018",73,17,43,61),(79,"10/01/2018",64,71,81,18),(80,"30/07/2017",10,94,26,41);
INSERT IGNORE INTO order_line (id,planned_delivery_date,quantity,total_price,saved_order_id,supply_id) VALUES (81,"02/09/2018",19,8,22,32),(82,"22/02/2018",62,88,25,97),(83,"19/11/2017",67,41,57,72),(84,"04/08/2017",59,52,39,2),(85,"13/02/2018",70,82,68,31),(86,"19/08/2018",73,77,19,47),(87,"06/06/2018",82,90,85,84),(88,"04/07/2017",23,67,50,24),(89,"17/12/2017",15,100,78,58),(90,"01/12/2017",63,69,44,91);
INSERT IGNORE INTO order_line (id,planned_delivery_date,quantity,total_price,saved_order_id,supply_id) VALUES (91,"25/05/2018",99,83,22,55),(92,"24/10/2018",9,89,23,86),(93,"31/01/2019",41,22,32,50),(94,"16/01/2018",49,50,28,69),(95,"18/10/2017",56,28,46,87),(96,"01/08/2017",7,25,16,35),(97,"27/02/2019",35,35,62,4),(98,"20/09/2017",85,27,12,4),(99,"07/02/2019",32,60,92,81),(100,"07/12/2018",71,48,21,55);

INSERT IGNORE INTO `order_request` (`id`,`quantity`,`delivery_date`,`supply_id`) VALUES (1,3,"2017-11-27 08:51:23",42),(2,2,"2017-07-06 18:15:02",35),(3,10,"2017-07-15 02:23:49",91),(4,1,"2019-05-05 23:36:02",50),(5,3,"2019-02-13 14:10:11",72),(6,7,"2018-09-27 13:32:43",49),(7,1,"2018-01-03 02:27:53",61),(8,8,"2018-02-17 12:54:13",100),(9,4,"2018-03-10 11:07:52",15),(10,8,"2019-03-08 09:35:21",41);
INSERT IGNORE INTO `order_request` (`id`,`quantity`,`delivery_date`,`supply_id`) VALUES (11,3,"2017-10-24 10:52:56",93),(12,3,"2019-04-22 18:19:25",8),(13,1,"2018-10-05 14:47:18",60),(14,2,"2017-12-22 05:49:00",84),(15,4,"2018-04-11 23:32:41",26),(16,8,"2019-04-27 01:00:36",77),(17,2,"2019-03-11 16:26:15",84),(18,8,"2018-11-30 10:10:19",52),(19,3,"2018-08-02 21:08:46",22),(20,1,"2018-08-26 10:49:31",65);
INSERT IGNORE INTO `order_request` (`id`,`quantity`,`delivery_date`,`supply_id`) VALUES (21,3,"2019-03-17 19:48:09",26),(22,10,"2018-11-22 20:40:54",93),(23,4,"2019-05-17 04:28:22",99),(24,2,"2017-09-01 17:00:46",19),(25,6,"2019-02-12 13:14:49",3),(26,1,"2017-11-05 23:41:07",80),(27,9,"2017-07-18 15:51:10",69),(28,4,"2018-02-10 16:01:46",39),(29,6,"2019-02-16 09:13:25",11),(30,6,"2019-04-08 04:02:57",4);
INSERT IGNORE INTO `order_request` (`id`,`quantity`,`delivery_date`,`supply_id`) VALUES (31,7,"2018-08-12 09:13:47",82),(32,5,"2019-03-10 00:02:16",17),(33,5,"2017-07-02 15:35:07",32),(34,8,"2017-10-09 02:18:20",6),(35,7,"2018-07-17 13:54:00",86),(36,6,"2018-07-10 20:19:36",97),(37,9,"2018-03-13 09:38:14",65),(38,6,"2018-08-05 13:42:42",78),(39,5,"2018-10-18 04:01:49",77),(40,6,"2019-01-30 16:15:36",11);
INSERT IGNORE INTO `order_request` (`id`,`quantity`,`delivery_date`,`supply_id`) VALUES (41,1,"2018-09-04 06:17:18",80),(42,4,"2018-07-07 14:12:22",1),(43,3,"2018-07-11 01:22:02",30),(44,9,"2019-03-17 14:41:07",72),(45,7,"2018-11-15 02:01:47",95),(46,8,"2017-06-18 07:13:38",64),(47,3,"2017-12-16 04:07:49",39),(48,7,"2018-01-08 00:56:07",47),(49,4,"2017-05-28 14:22:10",22),(50,2,"2018-01-10 14:00:25",9);
INSERT IGNORE INTO `order_request` (`id`,`quantity`,`delivery_date`,`supply_id`) VALUES (51,4,"2019-04-08 06:18:30",50),(52,7,"2018-01-09 21:53:47",57),(53,7,"2018-05-31 19:26:30",34),(54,4,"2017-11-12 18:23:27",25),(55,3,"2018-11-04 21:36:52",20),(56,8,"2018-05-09 03:38:30",38),(57,10,"2017-08-13 01:10:58",5),(58,7,"2018-03-06 12:17:42",95),(59,5,"2018-11-17 12:13:09",60),(60,10,"2017-09-21 06:48:48",45);
INSERT IGNORE INTO `order_request` (`id`,`quantity`,`delivery_date`,`supply_id`) VALUES (61,4,"2019-02-18 16:20:46",78),(62,5,"2018-05-15 22:02:27",10),(63,4,"2019-03-14 06:17:28",82),(64,9,"2018-09-15 23:59:28",70),(65,6,"2019-01-24 23:41:13",8),(66,7,"2018-04-01 23:17:35",49),(67,3,"2019-01-12 15:04:00",48),(68,6,"2017-08-15 17:01:25",80),(69,3,"2017-08-30 04:44:24",12),(70,4,"2019-02-06 11:09:18",61);
INSERT IGNORE INTO `order_request` (`id`,`quantity`,`delivery_date`,`supply_id`) VALUES (71,2,"2017-08-01 14:02:59",36),(72,5,"2019-01-01 09:24:42",31),(73,2,"2018-01-13 04:50:07",21),(74,5,"2019-01-04 00:30:42",79),(75,4,"2017-12-12 20:40:01",85),(76,4,"2017-10-24 01:42:45",76),(77,8,"2017-11-14 10:48:41",30),(78,1,"2018-06-12 20:56:12",94),(79,4,"2019-04-25 01:34:31",37),(80,10,"2018-03-28 16:32:53",77);
INSERT IGNORE INTO `order_request` (`id`,`quantity`,`delivery_date`,`supply_id`) VALUES (81,2,"2017-11-17 01:14:58",60),(82,7,"2018-11-18 04:43:02",73),(83,6,"2017-08-08 19:09:36",53),(84,6,"2017-12-16 08:11:22",77),(85,1,"2018-10-13 12:37:02",90),(86,6,"2018-05-25 07:51:34",34),(87,10,"2017-07-08 13:21:52",84),(88,10,"2018-09-24 09:25:37",81),(89,5,"2017-08-29 16:56:14",38),(90,8,"2019-04-26 02:38:46",44);
INSERT IGNORE INTO `order_request` (`id`,`quantity`,`delivery_date`,`supply_id`) VALUES (91,1,"2019-01-20 08:16:56",2),(92,10,"2018-09-12 01:53:54",8),(93,5,"2018-02-09 16:41:04",64),(94,1,"2019-02-05 02:47:12",42),(95,2,"2017-07-16 09:32:45",67),(96,4,"2018-03-27 07:31:33",52),(97,8,"2018-12-01 05:21:33",98),(98,1,"2017-10-23 19:09:13",21),(99,2,"2019-04-13 03:17:30",91),(100,4,"2018-12-06 15:29:19",100);
