INSERT IGNORE INTO roles(name) VALUES('ROLE_USER');
INSERT IGNORE INTO roles(name) VALUES('ROLE_ADMIN');

INSERT IGNORE INTO supply (id,name,description,units_in_stock,alert_stock,provider_id) VALUES (1,"Ferdinand","Cum",1,8,2),(2,"Peter","Duis gravida. Praesent",8,9,10),(3,"Forrest","Donec egestas. Aliquam nec enim. Nunc ut",2,8,65),(4,"Fuller","odio. Nam interdum enim non",10,6,26),(5,"Ferdinand","amet, consectetuer adipiscing elit. Etiam",7,4,11),(6,"Stone","volutpat nunc sit amet metus.",2,3,87),(7,"Matthew","netus et malesuada fames",6,1,71),(8,"John","sed, sapien. Nunc pulvinar",7,2,14),(9,"Rahim","diam. Duis mi enim,",2,2,28),(10,"Thomas","eu, ultrices sit amet, risus.",1,7,84);
INSERT IGNORE INTO supply (id,name,description,units_in_stock,alert_stock,provider_id) VALUES (11,"Holmes","Mauris eu turpis. Nulla aliquet. Proin",6,2,19),(12,"Ciaran","Maecenas malesuada fringilla est. Mauris eu turpis.",6,4,52),(13,"Logan","arcu. Aliquam ultrices iaculis odio. Nam interdum enim non nisi.",3,3,91),(14,"Edan","id sapien. Cras",7,4,86),(15,"Reed","eget massa. Suspendisse eleifend. Cras sed leo. Cras vehicula aliquet",1,8,52),(16,"August","mi fringilla mi lacinia mattis. Integer eu",3,5,59),(17,"Shad","eu, ultrices",9,10,32),(18,"Palmer","nec mauris blandit mattis.",6,6,58),(19,"Slade","vel, venenatis vel, faucibus id, libero. Donec",3,4,82),(20,"Reed","ut quam vel sapien imperdiet ornare. In faucibus.",7,9,13);
INSERT IGNORE INTO supply (id,name,description,units_in_stock,alert_stock,provider_id) VALUES (21,"Zahir","Curabitur egestas nunc sed libero. Proin sed turpis nec",9,7,98),(22,"Kelly","Cras lorem lorem, luctus ut, pellentesque eget, dictum placerat,",8,4,27),(23,"Sawyer","Pellentesque tincidunt tempus",3,9,23),(24,"Andrew","risus. Morbi metus. Vivamus euismod urna. Nullam lobortis",5,2,80),(25,"Troy","porta elit, a feugiat tellus",4,6,84),(26,"Callum","est mauris, rhoncus id, mollis nec,",6,9,22),(27,"Zeph","dui quis accumsan convallis, ante lectus convallis est, vitae sodales",10,3,79),(28,"Tanner","Integer mollis. Integer tincidunt aliquam arcu. Aliquam ultrices iaculis",3,8,94),(29,"Cullen","sed pede nec ante blandit viverra. Donec tempus, lorem fringilla",8,8,27),(30,"Moses","ligula consectetuer rhoncus. Nullam velit dui, semper",10,4,14);
INSERT IGNORE INTO supply (id,name,description,units_in_stock,alert_stock,provider_id) VALUES (31,"Caldwell","Cum sociis natoque penatibus et",6,1,33),(32,"Marvin","ultrices. Duis volutpat nunc sit amet metus. Aliquam erat",1,1,38),(33,"Hamilton","lectus, a sollicitudin orci sem eget massa. Suspendisse",10,4,13),(34,"Thomas","dictum cursus.",6,1,60),(35,"Benedict","Integer in",9,10,78),(36,"Otto","tellus. Aenean egestas hendrerit neque. In ornare sagittis",2,2,98),(37,"Perry","Etiam",9,7,18),(38,"Cullen","mattis ornare, lectus",4,6,83),(39,"Kennedy","Duis at",4,1,97),(40,"Baxter","luctus",2,7,81);
INSERT IGNORE INTO supply (id,name,description,units_in_stock,alert_stock,provider_id) VALUES (41,"Keith","dictum cursus. Nunc mauris",7,7,82),(42,"Mannix","Vivamus molestie dapibus ligula. Aliquam erat volutpat. Nulla dignissim. Maecenas",2,9,41),(43,"Sebastian","lectus justo eu arcu. Morbi sit amet massa. Quisque",3,7,39),(44,"Herrod","Nulla facilisi.",9,3,73),(45,"Ishmael","nunc sit amet",4,2,46),(46,"Myles","ut lacus. Nulla",7,8,20),(47,"Emery","sed",3,9,22),(48,"Carson","nec ante blandit viverra. Donec tempus, lorem fringilla",8,5,9),(49,"Edan","neque. Nullam ut nisi a odio semper cursus. Integer",5,3,4),(50,"Henry","Nunc quis arcu vel quam dignissim pharetra. Nam",6,2,20);
INSERT IGNORE INTO supply (id,name,description,units_in_stock,alert_stock,provider_id) VALUES (51,"Jackson","commodo at,",6,4,60),(52,"Beau","enim. Suspendisse aliquet, sem ut",5,10,64),(53,"Hyatt","Maecenas ornare egestas",1,3,91),(54,"Octavius","diam eu dolor",5,4,77),(55,"Herman","vitae nibh. Donec est mauris, rhoncus",9,4,21),(56,"Jonah","Etiam",2,2,63),(57,"Davis","Nullam nisl. Maecenas malesuada fringilla est. Mauris eu turpis.",9,1,7),(58,"Blake","Sed",8,10,64),(59,"Gareth","pharetra, felis",9,1,91),(60,"Jonah","eu, accumsan sed, facilisis vitae, orci. Phasellus dapibus",4,3,77);
INSERT IGNORE INTO supply (id,name,description,units_in_stock,alert_stock,provider_id) VALUES (61,"Graham","laoreet ipsum. Curabitur consequat, lectus",10,4,55),(62,"Branden","a ultricies adipiscing, enim mi tempor lorem,",8,4,83),(63,"Benjamin","libero. Integer in",9,6,55),(64,"Cruz","dictum",2,9,69),(65,"Xavier","tortor nibh sit amet orci. Ut sagittis",2,1,60),(66,"Ryder","sagittis felis. Donec tempor, est ac mattis",3,3,16),(67,"Lewis","Morbi vehicula. Pellentesque tincidunt",9,5,24),(68,"Wing","et magnis dis parturient montes, nascetur ridiculus",1,5,94),(69,"Shad","ac facilisis facilisis, magna",3,9,27),(70,"Curran","tellus. Suspendisse sed dolor. Fusce mi lorem, vehicula",7,6,84);
INSERT IGNORE INTO supply (id,name,description,units_in_stock,alert_stock,provider_id) VALUES (71,"Forrest","nascetur",10,4,1),(72,"Hamish","sem",9,9,49),(73,"Kamal","mi. Duis risus odio, auctor vitae,",4,10,20),(74,"Marsden","sem molestie sodales. Mauris blandit",4,9,24),(75,"Channing","massa.",2,2,32),(76,"Steven","gravida non, sollicitudin a,",8,9,1),(77,"Rigel","blandit viverra. Donec tempus, lorem fringilla ornare placerat, orci lacus",5,9,54),(78,"Carson","a tortor. Nunc",7,10,65),(79,"Gavin","Fusce dolor quam, elementum at,",2,6,52),(80,"Nicholas","molestie arcu. Sed eu nibh vulputate mauris sagittis placerat. Cras",4,8,37);
INSERT IGNORE INTO supply (id,name,description,units_in_stock,alert_stock,provider_id) VALUES (81,"Drake","enim nec tempus scelerisque, lorem ipsum sodales purus, in",1,8,80),(82,"Tucker","nascetur ridiculus mus. Proin",7,1,43),(83,"Julian","non,",8,6,14),(84,"Zane","risus. Donec nibh",4,6,8),(85,"Macon","dictum",8,8,71),(86,"Fitzgerald","egestas a, dui. Cras pellentesque. Sed",2,4,76),(87,"Julian","et, eros. Proin ultrices. Duis",4,7,42),(88,"Deacon","risus. Nulla eget metus eu erat",7,4,73),(89,"Carl","eu tellus eu augue porttitor interdum. Sed",2,2,85),(90,"Francis","sollicitudin adipiscing ligula. Aenean gravida nunc sed pede. Cum sociis",2,7,75);
INSERT IGNORE INTO supply (id,name,description,units_in_stock,alert_stock,provider_id) VALUES (91,"Louis","suscipit, est",6,6,24),(92,"Reuben","amet lorem semper auctor.",10,6,96),(93,"Hunter","In tincidunt",6,2,75),(94,"Davis","ligula consectetuer rhoncus. Nullam velit dui, semper et,",1,7,63),(95,"Ryan","eu, eleifend nec, malesuada ut, sem. Nulla interdum. Curabitur dictum.",4,5,45),(96,"Bruce","augue",3,2,76),(97,"Prescott","est arcu ac",3,10,67),(98,"Dalton","dolor vitae dolor. Donec fringilla. Donec feugiat metus sit",7,7,11),(99,"Jonah","pede, ultrices a, auctor non, feugiat nec, diam. Duis mi",6,3,87),(100,"Prescott","tellus. Aenean egestas hendrerit neque. In ornare sagittis felis.",8,1,31);

INSERT IGNORE INTO `provider` (`id`,`siret`,`name`) VALUES (1,"521849182","Purus In Molestie Inc."),(2,"678813163","Amet Company"),(3,"708254792","Est Mauris Eu PC"),(4,"995303336","Quis LLC"),(5,"533270187","Magna Industries"),(6,"879256295","Eget Corp."),(7,"728345646","Ante Dictum LLC"),(8,"001046242","Mi Industries"),(9,"309793628","Consectetuer Limited"),(10,"745813501","Euismod Enim Etiam Industries");
INSERT IGNORE INTO `provider` (`id`,`siret`,`name`) VALUES (11,"783691256","Mi Enim Ltd"),(12,"030148084","Gravida Mauris LLP"),(13,"691837629","Tempor Consulting"),(14,"747703841","Malesuada Fames Consulting"),(15,"504416983","Mi Industries"),(16,"756887675","Dis Parturient Montes Foundation"),(17,"062724935","Eget Laoreet Posuere Institute"),(18,"704520303","Lobortis Class Aptent Inc."),(19,"909380875","A Company"),(20,"656275732","Tortor Nibh LLP");
INSERT IGNORE INTO `provider` (`id`,`siret`,`name`) VALUES (21,"661393926","Egestas Duis Ac Corp."),(22,"098071442","Ipsum Primis Consulting"),(23,"167208735","Penatibus Et Magnis Institute"),(24,"581174703","Donec Company"),(25,"400440285","Metus LLP"),(26,"415790161","Pellentesque Tellus Institute"),(27,"991467879","Quis Tristique Corporation"),(28,"105286462","Malesuada Industries"),(29,"271571648","Odio Tristique Pharetra LLC"),(30,"539955989","Elementum Consulting");
INSERT IGNORE INTO `provider` (`id`,`siret`,`name`) VALUES (31,"754071116","Nunc Incorporated"),(32,"983131830","Integer Aliquam Company"),(33,"065541906","Ligula Foundation"),(34,"031004690","Morbi Vehicula Industries"),(35,"696600972","Non Cursus Non Institute"),(36,"910207059","Duis Elementum Institute"),(37,"372728279","Elit Etiam Company"),(38,"299324251","Quisque Ac Consulting"),(39,"197967136","Non Nisi LLP"),(40,"376330478","Tincidunt Neque Limited");
INSERT IGNORE INTO `provider` (`id`,`siret`,`name`) VALUES (41,"479454928","Vivamus Consulting"),(42,"031306194","Semper Et Lacinia Ltd"),(43,"796952471","Urna Nec Luctus Inc."),(44,"897985818","Aliquam Iaculis Associates"),(45,"193664547","Ut Incorporated"),(46,"197716442","Pellentesque Corp."),(47,"964107619","Neque Institute"),(48,"454357088","Luctus Sit Amet Ltd"),(49,"710213794","Arcu Vel Institute"),(50,"663832350","Ipsum Limited");
INSERT IGNORE INTO `provider` (`id`,`siret`,`name`) VALUES (51,"184667632","Luctus Lobortis LLP"),(52,"837988500","Tincidunt Vehicula Risus Institute"),(53,"223911033","Odio LLP"),(54,"808741524","Ut Molestie Corporation"),(55,"198052755","Purus Sapien Company"),(56,"044682573","Molestie Orci Tincidunt PC"),(57,"310270772","Feugiat Nec Diam Consulting"),(58,"568895437","Morbi Quis Inc."),(59,"002974186","Arcu Vel Foundation"),(60,"610546855","Risus Corporation");
INSERT IGNORE INTO `provider` (`id`,`siret`,`name`) VALUES (61,"995285566","Non PC"),(62,"720642453","Nam Consequat Dolor Corp."),(63,"886434786","Faucibus Leo Foundation"),(64,"292214392","Vulputate Ltd"),(65,"593680648","At Velit Incorporated"),(66,"676849367","Vitae Erat Corp."),(67,"973675937","Non PC"),(68,"133430363","Vitae Diam Foundation"),(69,"917081424","Eu Foundation"),(70,"084969724","At Inc.");
INSERT IGNORE INTO `provider` (`id`,`siret`,`name`) VALUES (71,"434954558","Enim Consequat Institute"),(72,"246038202","Ipsum Dolor Company"),(73,"131153736","Mauris A Nunc Incorporated"),(74,"011669306","Interdum Curabitur Institute"),(75,"251393062","Augue Consulting"),(76,"243071099","Vulputate Nisi Sem LLC"),(77,"236069134","Rhoncus Donec Est LLP"),(78,"034540179","Volutpat LLC"),(79,"659758973","Blandit Enim Consequat LLP"),(80,"628851339","In Consectetuer Institute");
INSERT IGNORE INTO `provider` (`id`,`siret`,`name`) VALUES (81,"775049018","Eros Non Foundation"),(82,"629188491","Dui Cum Corporation"),(83,"601984750","Elit Pharetra Ut Inc."),(84,"835294174","Sodales PC"),(85,"328174180","Sed Sapien Nunc Institute"),(86,"705404788","Non Magna Nam Ltd"),(87,"020970430","Eu Eros Nam Associates"),(88,"596607580","Non Egestas A Company"),(89,"087900841","Quam A Felis Associates"),(90,"250570363","Proin Sed Consulting");
INSERT IGNORE INTO `provider` (`id`,`siret`,`name`) VALUES (91,"329844179","Ullamcorper Foundation"),(92,"434639696","Lorem Eget LLP"),(93,"155046170","Congue A Aliquet Corp."),(94,"991629395","Nulla Facilisis Suspendisse Corp."),(95,"636898645","Neque Morbi Industries"),(96,"898882642","Non Justo Proin Industries"),(97,"515639912","Nec Ante Limited"),(98,"039061643","Consequat Dolor Ltd"),(99,"535003834","Enim Inc."),(100,"124511551","Mauris Ut Industries");

INSERT IGNORE INTO order_request (id,quantity,delivery_date,supply_id,user_id) VALUES (1,7,"2018-12-18",42,1),(2,1,"2019-03-04",70,1),(3,1,"2019-05-13",31,1),(4,8,"2019-05-26",49,1),(5,10,"2018-11-19",4,1),(6,9,"2019-01-07",42,1),(7,6,"2018-09-03",45,1),(8,3,"2017-12-06",69,1),(9,8,"2017-11-02",37,1),(10,10,"2018-10-26",8,1);

INSERT IGNORE INTO address_info (id,street_number,street_name,postal_code,city,country,provider_id) VALUES (1,5,"247-8751 Lobortis Av.","5706","King's Lynn","Grenada",1),(2,8,"954-5824 A Rd.","10991","Santa María","Austria",2),(3,3,"Ap #901-7052 Eget Ave","60408","Staßfurt","Russian Federation",3),(4,6,"974-3764 Metus. Rd.","190850","Anand","Afghanistan",4),(5,10,"P.O. Box 149, 7112 Parturient Ave","6208","Saint-Sébastien-sur-Loire","Malawi",5),(6,5,"484-8458 Nec Ave","26751-544","Sierra Gorda","Nigeria",6),(7,3,"Ap #437-4435 Eu Street","8578","Wangaratta","Greenland",7),(8,1,"921-8194 Senectus St.","7451","Pickering","Bangladesh",8),(9,4,"Ap #425-1045 Justo. Av.","3607 QJ","Burntisland","Svalbard and Jan Mayen Islands",9),(10,7,"6251 Proin Rd.","5877","Veenendaal","Taiwan",10);
INSERT IGNORE INTO address_info (id,street_number,street_name,postal_code,city,country,provider_id) VALUES (11,4,"P.O. Box 574, 867 Dapibus Rd.","81-830","Bathurst","Cuba",11),(12,2,"Ap #483-7638 Congue, Street","97431","Renca","Croatia",12),(13,8,"P.O. Box 210, 9793 Nisi. Road","62-213","Stigliano","Greece",13),(14,2,"6401 Mi Ave","171409","Bathurst","Trinidad and Tobago",14),(15,4,"P.O. Box 552, 6567 Et, Rd.","26931","Hody","Ethiopia",15),(16,8,"Ap #897-7768 Tristique Avenue","P4 7NR","Anchorage","Gambia",16),(17,4,"Ap #493-5818 Egestas. Avenue","4131","Dalbeattie","Philippines",17),(18,4,"Ap #790-6273 Non Rd.","919086","Meduno","Haiti",18),(19,1,"Ap #327-1545 Ac Av.","8074","Patalillo","Suriname",19),(20,9,"Ap #930-1304 Auctor Ave","4169 DQ","Fontaine-Valmont","Liechtenstein",20);
INSERT IGNORE INTO address_info (id,street_number,street_name,postal_code,city,country,provider_id) VALUES (21,3,"Ap #430-8917 Donec Rd.","1373","Dunkerque","Slovakia",21),(22,9,"Ap #807-3866 Diam. St.","7983","Idaho Falls","Northern Mariana Islands",22),(23,2,"P.O. Box 735, 7343 Ac Rd.","8799","Chiusa Sclafani","Guinea",23),(24,5,"P.O. Box 933, 4650 Gravida Street","95591","Quirihue","Bermuda",24),(25,4,"Ap #770-1608 Erat Rd.","32092","Vergemoli","Micronesia",25),(26,8,"Ap #465-9357 Odio Rd.","9165","Jemeppe-sur-Sambre","Spain",26),(27,5,"Ap #394-3823 Praesent Ave","49568","Saint-Remy-Geest","Dominica",27),(28,3,"948-3699 Nisi St.","E8R 2N7","Cisnes","Turks and Caicos Islands",28),(29,4,"2101 Iaculis Av.","66390","Bozeman","Finland",29),(30,5,"9912 Urna St.","96859","Viña del Mar","Bermuda",30);
INSERT IGNORE INTO address_info (id,street_number,street_name,postal_code,city,country,provider_id) VALUES (31,2,"Ap #599-6486 Phasellus Av.","75493","Gosnells","Ukraine",31),(32,10,"Ap #952-7457 Velit Av.","50801","Cantalupo in Sabina","Trinidad and Tobago",32),(33,3,"P.O. Box 655, 1109 Aliquam Av.","50427","Tredegar","Isle of Man",33),(34,4,"Ap #216-5602 Nec, Ave","26489","Calice al Cornoviglio","Zambia",34),(35,2,"Ap #490-5930 Parturient Rd.","4294","Fahler","Lesotho",35),(36,7,"P.O. Box 838, 9604 Magna. Av.","60104","Lustenau","Swaziland",36),(37,7,"P.O. Box 509, 8276 In Rd.","86036","Polesella","Djibouti",37),(38,8,"720-5192 Tellus. Av.","4814","Bad Ischl","Montserrat",38),(39,7,"P.O. Box 293, 3381 Auctor Av.","P8V 7R7","Te Puke","Palau",39),(40,9,"7523 A, Ave","5742","Vöcklabruck","Heard Island and Mcdonald Islands",40);
INSERT IGNORE INTO address_info (id,street_number,street_name,postal_code,city,country,provider_id) VALUES (41,3,"600-1081 Eget Avenue","42742-623","Grand Island","Saint Kitts and Nevis",41),(42,2,"1009 Dis Street","72563","Kailua","Costa Rica",42),(43,4,"Ap #761-3694 Hendrerit St.","1379","Moffat","Thailand",43),(44,9,"Ap #452-8289 Neque Av.","X9Y 5W0","Ranchi","Solomon Islands",44),(45,10,"5624 Cras St.","46915","Civitacampomarano","Seychelles",45),(46,2,"7844 Nec St.","6023","Pamel","French Guiana",46),(47,1,"5345 Sagittis St.","9192","Moose Jaw","South Africa",47),(48,10,"P.O. Box 877, 1242 Sed St.","6421","Aartrijke","Uruguay",48),(49,10,"9110 Convallis Rd.","3334","Lisieux","Benin",49),(50,2,"Ap #371-5860 Porta Road","842627","La Roche-sur-Yon","Marshall Islands",50);
INSERT IGNORE INTO address_info (id,street_number,street_name,postal_code,city,country,provider_id) VALUES (51,10,"123-1383 Augue Rd.","836902","Cossignano","Ukraine",51),(52,3,"P.O. Box 823, 3855 Magna Ave","91680","Roxboro","Ukraine",52),(53,9,"P.O. Box 253, 3702 Magnis Avenue","15480","Memphis","Bahamas",53),(54,9,"Ap #208-2149 Orci Street","17774","Tarragona","Italy",54),(55,6,"Ap #809-9546 Sed Av.","10070","Elbląg","Saint Barthélemy",55),(56,7,"P.O. Box 716, 3248 Mollis. Avenue","6725","Quinta Normal","Jamaica",56),(57,1,"Ap #803-568 Integer Av.","40649-195","Poole","Algeria",57),(58,1,"3746 Rutrum Street","11536","Neuwied","Jersey",58),(59,4,"465-8534 Morbi Road","672195","Martelange","Macedonia",59),(60,8,"P.O. Box 715, 9626 Diam. St.","332696","Southampton","Poland",60);
INSERT IGNORE INTO address_info (id,street_number,street_name,postal_code,city,country,provider_id) VALUES (61,10,"P.O. Box 397, 2720 Morbi Avenue","9699","Freire","Chad",61),(62,8,"309-7231 Nonummy Rd.","88725","Halifax","American Samoa",62),(63,7,"355-3917 Cras Avenue","761654","Fresia","Kuwait",63),(64,10,"P.O. Box 217, 8820 Nulla St.","Y0Z 9L8","Alviano","Greenland",64),(65,10,"Ap #442-9279 Convallis Rd.","11-856","Rimouski","Zambia",65),(66,3,"8515 Cursus Avenue","57178","Rajahmundry","Bhutan",66),(67,8,"P.O. Box 430, 2728 Semper, Rd.","666342","Aurora","Netherlands",67),(68,9,"P.O. Box 505, 3764 At St.","5647","San Demetrio Corone","Turkey",68),(69,1,"Ap #450-1397 In Avenue","3955","Cabo de Santo Agostinho","Swaziland",69),(70,8,"P.O. Box 693, 5767 Nullam Av.","37870","Seevetal","Denmark",70);
INSERT IGNORE INTO address_info (id,street_number,street_name,postal_code,city,country,provider_id) VALUES (71,1,"Ap #623-1407 Non, Street","74574","Erie","Korea, North",71),(72,9,"Ap #306-8077 Metus St.","51957","Birmingham","Liberia",72),(73,8,"2522 Ridiculus Av.","EG4K 6ZR","Salerno","Nigeria",73),(74,10,"6989 In Road","5408","Neerrepen","Macedonia",74),(75,10,"1422 Suspendisse Ave","09-099","Gargazzone/Gargazon","Myanmar",75),(76,2,"510-4692 Auctor St.","1236 ZB","Impe","Turks and Caicos Islands",76),(77,10,"8125 Dui. Road","4360 MV","Moricone","United Arab Emirates",77),(78,3,"Ap #772-6172 Nisi. St.","L7J 0ER","Halisahar","Finland",78),(79,10,"Ap #883-4135 At, Road","70401","Port Augusta","Falkland Islands",79),(80,7,"Ap #602-7024 Neque. Road","11225","Cheyenne","Rwanda",80);
INSERT IGNORE INTO address_info (id,street_number,street_name,postal_code,city,country,provider_id) VALUES (81,7,"379-3611 Arcu Ave","139756","Farciennes","Sweden",81),(82,5,"702-356 Gravida Ave","29572","Juiz de Fora","Croatia",82),(83,2,"1723 Eu Street","4094","Máfil","Thailand",83),(84,2,"358-5085 Viverra. Ave","02248","Eghezee","Ghana",84),(85,6,"120-8347 Malesuada Rd.","43-074","Naperville","Korea, South",85),(86,8,"943-4841 Quisque Road","21919","Mainz","Saint Pierre and Miquelon",86),(87,4,"P.O. Box 478, 5763 Suspendisse Avenue","47-968","Forgaria nel Friuli","Bolivia",87),(88,2,"P.O. Box 122, 9042 Id St.","27656","Vancouver","American Samoa",88),(89,1,"P.O. Box 361, 2984 Ultrices. Rd.","10616","Rosolini","Sudan",89),(90,8,"Ap #519-3530 Gravida. Av.","8459 HO","Collinas","Ghana",90);
INSERT IGNORE INTO address_info (id,street_number,street_name,postal_code,city,country,provider_id) VALUES (91,7,"787-893 Pede St.","45261","Boorsem","Belarus",91),(92,1,"5569 Congue Rd.","94281","Zaanstad","Chad",92),(93,3,"P.O. Box 889, 7763 Eu, Street","E9 4BJ","Tielen","Lebanon",93),(94,8,"Ap #625-3278 Libero Av.","5287","Dolgellau","Falkland Islands",94),(95,7,"751-6988 Cum Rd.","092927","Whittlesey","American Samoa",95),(96,3,"P.O. Box 746, 5509 Tempor Av.","27-271","Hamilton","Peru",96),(97,10,"533-1056 Semper St.","17326","Jaén","Guernsey",97),(98,6,"P.O. Box 709, 8546 Cras Ave","29962-363","Maintal","Saint Vincent and The Grenadines",98),(99,7,"4891 Sit Street","3993","Sorradile","Luxembourg",99),(100,4,"Ap #753-7282 Mollis Ave","98709","Holywell","Jordan",100);
