-- INSERT Roles
INSERT IGNORE INTO role(name) VALUES('ROLE_USER');
INSERT IGNORE INTO role(name) VALUES('ROLE_ADMIN');

-- INSERT Status


-- INSERT AddressInfo
INSERT IGNORE INTO address_info (id,street_number,street_name,postal_code,city,country,provider_id) VALUES (1,91,"Ap #548-2943 Amet, St.","495422","Hay-on-Wye","Paraguay",1);
INSERT IGNORE INTO address_info (id,street_number,street_name,postal_code,city,country,provider_id) VALUES (2,39,"P.O. Box 955, 1891 Orci. Rd.","48-142","Villamassargia","Taiwan",2);
INSERT IGNORE INTO address_info (id,street_number,street_name,postal_code,city,country,provider_id) VALUES (3,77,"P.O. Box 788, 3201 Vitae Rd.","8555","Bacabal","French Polynesia",3);
INSERT IGNORE INTO address_info (id,street_number,street_name,postal_code,city,country,provider_id) VALUES (4,28,"628-6059 Consectetuer Avenue","12846","Warwick","Barbados",4);
INSERT IGNORE INTO address_info (id,street_number,street_name,postal_code,city,country,provider_id) VALUES (5,4,"Ap #150-7906 Euismod Avenue","48120","Zwijnaarde","Cameroon",5);
INSERT IGNORE INTO address_info (id,street_number,street_name,postal_code,city,country,provider_id) VALUES (6,39,"890-582 Quisque Street","96611-796","Oromocto","Madagascar",6);
INSERT IGNORE INTO address_info (id,street_number,street_name,postal_code,city,country,provider_id) VALUES (7,5,"P.O. Box 679, 2301 Aliquet Ave","93-418","Donk","Åland Islands",7);
INSERT IGNORE INTO address_info (id,street_number,street_name,postal_code,city,country,provider_id) VALUES (8,38,"P.O. Box 304, 5529 Aliquam Road","K9H 0Z8","Maule","Togo",8);
INSERT IGNORE INTO address_info (id,street_number,street_name,postal_code,city,country,provider_id) VALUES (9,15,"6287 Dictum Rd.","C5G 0G5","Bad Oldesloe","Paraguay",9);
INSERT IGNORE INTO address_info (id,street_number,street_name,postal_code,city,country,provider_id) VALUES (10,77,"P.O. Box 867, 2893 Libero Av.","9225","Jackson","Anguilla",10);

-- INSERT Contact
INSERT IGNORE INTO contact (id,firstname,lastname,email,phone_number,provider_id) VALUES (1,"Florence","Hays","sit.amet@Aliquamfringillacursus.edu","04 82 52 93 99",2);
INSERT IGNORE INTO contact (id,firstname,lastname,email,phone_number,provider_id) VALUES (2,"Miriam","Valencia","sed.dolor.Fusce@egestas.org","04 37 39 29 91",1);
INSERT IGNORE INTO contact (id,firstname,lastname,email,phone_number,provider_id) VALUES (3,"Kristen","Watts","pretium.aliquet@consectetuerrhoncusNullam.ca","02 89 37 52 25",7);
INSERT IGNORE INTO contact (id,firstname,lastname,email,phone_number,provider_id) VALUES (4,"Kylan","Edwards","scelerisque.neque.Nullam@telluslorem.net","01 00 30 18 28",5);
INSERT IGNORE INTO contact (id,firstname,lastname,email,phone_number,provider_id) VALUES (5,"Ryan","Hawkins","dictum@eget.edu","06 73 04 02 27",6);
INSERT IGNORE INTO contact (id,firstname,lastname,email,phone_number,provider_id) VALUES (6,"Driscoll","Wise","risus.Quisque.libero@penatibusetmagnis.net","04 67 59 04 58",2);
INSERT IGNORE INTO contact (id,firstname,lastname,email,phone_number,provider_id) VALUES (7,"Vincent","Wells","eu.lacus.Quisque@facilisis.co.uk","09 38 09 31 30",2);
INSERT IGNORE INTO contact (id,firstname,lastname,email,phone_number,provider_id) VALUES (8,"Yardley","Moss","luctus@famesac.org","04 30 59 19 71",8);
INSERT IGNORE INTO contact (id,firstname,lastname,email,phone_number,provider_id) VALUES (9,"Clare","Bradshaw","molestie.arcu.Sed@cursusdiam.org","05 91 85 44 36",5);
INSERT IGNORE INTO contact (id,firstname,lastname,email,phone_number,provider_id) VALUES (10,"Ifeoma","Walsh","vitae.aliquam@egetodio.net","07 42 85 46 94",9);
INSERT IGNORE INTO contact (id,firstname,lastname,email,phone_number,provider_id) VALUES (11,"Leandra","Frederick","mus@feugiatnec.ca","03 12 46 97 31",7);
INSERT IGNORE INTO contact (id,firstname,lastname,email,phone_number,provider_id) VALUES (12,"Louis","Perry","Nullam.lobortis.quam@turpisvitae.ca","03 92 09 25 66",1);
INSERT IGNORE INTO contact (id,firstname,lastname,email,phone_number,provider_id) VALUES (13,"Keane","Joyce","auctor.quis.tristique@a.net","07 53 48 80 05",6);
INSERT IGNORE INTO contact (id,firstname,lastname,email,phone_number,provider_id) VALUES (14,"Judah","Mckenzie","egestas.Fusce@ipsum.edu","08 65 27 47 98",6);
INSERT IGNORE INTO contact (id,firstname,lastname,email,phone_number,provider_id) VALUES (15,"Armand","Mclean","ac.mi.eleifend@amet.com","04 26 21 91 24",4);
INSERT IGNORE INTO contact (id,firstname,lastname,email,phone_number,provider_id) VALUES (16,"Breanna","Benton","vehicula.et.rutrum@sed.org","01 81 11 45 74",3);
INSERT IGNORE INTO contact (id,firstname,lastname,email,phone_number,provider_id) VALUES (17,"Chantale","Martinez","pretium.et.rutrum@quisturpis.org","05 09 21 59 23",5);
INSERT IGNORE INTO contact (id,firstname,lastname,email,phone_number,provider_id) VALUES (18,"Mufutau","Fuller","nunc@parturientmontes.edu","01 67 62 22 08",1);
INSERT IGNORE INTO contact (id,firstname,lastname,email,phone_number,provider_id) VALUES (19,"Mannix","Woodard","fames.ac@Donecnonjusto.org","09 51 00 66 77",9);
INSERT IGNORE INTO contact (id,firstname,lastname,email,phone_number,provider_id) VALUES (20,"Merritt","Meyer","tempor@sagittislobortis.co.uk","01 12 44 27 57",8);
INSERT IGNORE INTO contact (id,firstname,lastname,email,phone_number,provider_id) VALUES (21,"Alfreda","Joyce","orci.Ut.sagittis@eu.com","01 04 30 51 13",6);
INSERT IGNORE INTO contact (id,firstname,lastname,email,phone_number,provider_id) VALUES (22,"Rama","Mayo","libero.at@orciadipiscing.co.uk","06 35 67 41 24",6);
INSERT IGNORE INTO contact (id,firstname,lastname,email,phone_number,provider_id) VALUES (23,"Merritt","Cunningham","tincidunt.dui@Ut.org","03 41 51 90 64",8);
INSERT IGNORE INTO contact (id,firstname,lastname,email,phone_number,provider_id) VALUES (24,"Hadassah","Harding","in.dolor@Namporttitor.org","05 50 20 48 23",10);
INSERT IGNORE INTO contact (id,firstname,lastname,email,phone_number,provider_id) VALUES (25,"Lunea","Wade","vel.faucibus@gravida.net","09 17 80 97 81",10);
INSERT IGNORE INTO contact (id,firstname,lastname,email,phone_number,provider_id) VALUES (26,"Vernon","Huff","arcu.imperdiet.ullamcorper@auctor.com","08 21 45 38 15",8);
INSERT IGNORE INTO contact (id,firstname,lastname,email,phone_number,provider_id) VALUES (27,"Katell","Melton","purus.Duis.elementum@dictumultricies.co.uk","04 97 53 22 95",5);
INSERT IGNORE INTO contact (id,firstname,lastname,email,phone_number,provider_id) VALUES (28,"Lester","Franco","id.magna.et@enim.org","04 28 62 79 64",4);
INSERT IGNORE INTO contact (id,firstname,lastname,email,phone_number,provider_id) VALUES (29,"Walter","Blake","Nulla.facilisis.Suspendisse@Etiamimperdiet.net","05 99 09 35 33",6);
INSERT IGNORE INTO contact (id,firstname,lastname,email,phone_number,provider_id) VALUES (30,"Bruce","Moore","metus.urna.convallis@Seddictum.org","07 59 33 43 33",5);
INSERT IGNORE INTO contact (id,firstname,lastname,email,phone_number,provider_id) VALUES (31,"Kamal","Owen","dis@augueutlacus.edu","04 14 00 40 68",6);
INSERT IGNORE INTO contact (id,firstname,lastname,email,phone_number,provider_id) VALUES (32,"Wylie","Dunlap","facilisis@tristique.com","02 04 70 02 12",10);
INSERT IGNORE INTO contact (id,firstname,lastname,email,phone_number,provider_id) VALUES (33,"Cairo","Gay","a.purus.Duis@fringilla.com","07 74 89 35 22",3);
INSERT IGNORE INTO contact (id,firstname,lastname,email,phone_number,provider_id) VALUES (34,"Eleanor","Manning","ac.metus@tempor.edu","02 93 89 27 43",3);
INSERT IGNORE INTO contact (id,firstname,lastname,email,phone_number,provider_id) VALUES (35,"Joseph","Houston","non.quam.Pellentesque@parturientmontesnascetur.com","07 45 96 70 53",6);
INSERT IGNORE INTO contact (id,firstname,lastname,email,phone_number,provider_id) VALUES (36,"Sybil","Robinson","dictum.cursus.Nunc@CuraePhasellus.edu","03 74 12 31 87",1);
INSERT IGNORE INTO contact (id,firstname,lastname,email,phone_number,provider_id) VALUES (37,"Melissa","York","diam.Pellentesque@cubiliaCuraePhasellus.com","09 88 54 13 04",2);
INSERT IGNORE INTO contact (id,firstname,lastname,email,phone_number,provider_id) VALUES (38,"Lance","Kline","enim.Mauris.quis@erosProin.net","05 80 60 87 73",3);
INSERT IGNORE INTO contact (id,firstname,lastname,email,phone_number,provider_id) VALUES (39,"Erich","Galloway","dignissim.tempor@lectusconvallis.co.uk","07 83 91 24 87",10);
INSERT IGNORE INTO contact (id,firstname,lastname,email,phone_number,provider_id) VALUES (40,"Elliott","Mejia","arcu.Vestibulum.ante@in.com","01 29 05 04 23",2);

-- INSERT OrderRequest
INSERT IGNORE INTO request (id,quantity,delivery_date,supply_id,user_id) VALUES (1,42,"2017-06-08 19:33:26",83,9),(2,29,"2017-09-01 05:44:15",88,5),(3,49,"2017-11-09 02:57:53",81,10),(4,1,"2018-03-08 23:37:24",86,1),(5,14,"2018-08-17 10:48:57",67,6),(6,27,"2018-07-13 00:22:17",77,10),(7,8,"2018-07-07 22:55:04",53,4),(8,46,"2017-08-25 12:06:09",20,2),(9,10,"2018-07-10 23:20:13",100,3),(10,22,"2017-06-03 05:31:42",41,1);
INSERT IGNORE INTO request (id,quantity,delivery_date,supply_id,user_id) VALUES (11,9,"2019-01-09 21:19:37",88,8),(12,26,"2017-08-10 02:47:40",46,9),(13,9,"2019-05-14 06:00:30",85,5),(14,45,"2018-02-18 09:11:00",93,5),(15,4,"2017-11-26 13:59:27",17,7),(16,4,"2017-09-09 06:26:37",25,1),(17,50,"2017-07-01 18:11:58",87,7),(18,40,"2019-01-12 07:17:42",68,9),(19,49,"2019-05-23 19:40:18",16,9),(20,11,"2017-06-20 02:52:38",74,4);
INSERT IGNORE INTO request (id,quantity,delivery_date,supply_id,user_id) VALUES (21,17,"2018-06-10 03:13:40",70,5),(22,26,"2018-05-09 06:19:13",95,5),(23,30,"2017-08-15 21:45:06",78,7),(24,36,"2017-06-28 12:17:28",35,8),(25,23,"2017-07-21 00:39:39",99,2),(26,5,"2018-01-24 07:15:23",29,8),(27,9,"2018-06-21 18:33:37",16,1),(28,3,"2018-05-22 17:47:58",2,4),(29,48,"2017-08-23 19:33:00",89,7),(30,20,"2018-04-21 23:03:52",39,6);
INSERT IGNORE INTO request (id,quantity,delivery_date,supply_id,user_id) VALUES (31,18,"2018-10-30 03:21:03",32,3),(32,1,"2019-05-07 15:45:28",78,7),(33,14,"2018-06-21 09:18:26",66,5),(34,40,"2018-10-10 05:14:31",24,1),(35,12,"2018-01-25 01:15:02",95,2),(36,45,"2017-06-24 01:29:49",26,3),(37,20,"2018-06-20 05:40:59",21,3),(38,37,"2018-01-14 15:48:54",14,5),(39,11,"2019-03-04 21:15:46",7,9),(40,29,"2017-07-07 03:32:04",86,7);
INSERT IGNORE INTO request (id,quantity,delivery_date,supply_id,user_id) VALUES (41,4,"2019-04-30 07:27:08",54,3),(42,19,"2018-01-11 15:03:23",63,7),(43,22,"2018-12-03 07:29:13",26,6),(44,20,"2018-12-21 04:56:21",47,3),(45,37,"2017-07-18 04:13:22",44,6),(46,20,"2019-02-18 14:07:40",36,3),(47,39,"2019-01-15 10:52:44",55,2),(48,15,"2017-08-15 17:03:19",20,9),(49,10,"2018-08-25 02:46:21",74,2),(50,48,"2018-08-07 12:05:02",11,7);
INSERT IGNORE INTO request (id,quantity,delivery_date,supply_id,user_id) VALUES (51,11,"2019-04-10 22:35:49",94,7),(52,9,"2018-10-02 15:46:08",98,1),(53,39,"2017-09-15 17:04:36",8,4),(54,40,"2018-07-10 08:52:50",53,7),(55,49,"2018-09-26 08:13:02",22,9),(56,50,"2018-05-31 17:32:15",23,6),(57,34,"2018-09-10 13:06:45",2,2),(58,40,"2019-04-06 10:22:11",42,6),(59,36,"2017-10-27 12:42:40",55,2),(60,11,"2018-07-09 00:30:53",35,8);
INSERT IGNORE INTO request (id,quantity,delivery_date,supply_id,user_id) VALUES (61,46,"2019-04-10 01:30:21",39,10),(62,1,"2018-08-15 19:29:33",18,5),(63,28,"2018-02-02 17:15:13",70,8),(64,26,"2017-07-18 08:38:02",34,2),(65,30,"2019-02-05 17:56:07",51,8),(66,29,"2018-04-19 00:28:27",79,4),(67,8,"2017-11-01 10:02:03",80,6),(68,6,"2017-10-09 12:42:40",32,5),(69,16,"2018-05-04 11:13:17",40,7),(70,24,"2017-08-23 08:02:08",73,6);
INSERT IGNORE INTO request (id,quantity,delivery_date,supply_id,user_id) VALUES (71,18,"2018-09-16 01:20:12",62,1),(72,2,"2017-08-08 06:55:10",82,4),(73,23,"2018-11-25 23:20:44",28,9),(74,42,"2018-11-21 00:33:57",68,9),(75,9,"2018-08-18 23:10:13",67,1),(76,27,"2018-12-24 15:30:54",86,4),(77,30,"2019-03-06 14:45:43",100,7),(78,30,"2017-07-12 19:10:32",33,10),(79,6,"2019-02-14 10:32:34",74,4),(80,27,"2018-05-13 14:08:57",13,4);
INSERT IGNORE INTO request (id,quantity,delivery_date,supply_id,user_id) VALUES (81,4,"2018-01-19 07:58:00",4,2),(82,23,"2019-04-13 02:44:43",90,5),(83,10,"2018-03-10 20:31:14",58,9),(84,22,"2018-11-19 17:44:00",52,2),(85,3,"2019-03-18 08:23:45",4,5),(86,6,"2019-03-01 13:28:29",58,8),(87,50,"2017-12-05 08:34:43",22,5),(88,43,"2017-10-14 10:42:44",93,6),(89,50,"2019-02-13 09:10:34",24,7),(90,47,"2019-01-12 03:55:53",13,4);
INSERT IGNORE INTO request (id,quantity,delivery_date,supply_id,user_id) VALUES (91,7,"2018-02-07 03:39:45",65,3),(92,5,"2017-08-24 11:15:46",39,3),(93,41,"2018-08-31 21:47:43",18,7),(94,31,"2017-11-13 01:34:30",78,5),(95,3,"2017-12-29 16:29:27",56,7),(96,37,"2018-05-03 21:08:06",75,3),(97,31,"2019-03-19 01:41:55",22,4),(98,49,"2017-06-22 20:08:57",53,6),(99,8,"2017-08-16 05:44:46",87,3),(100,3,"2018-03-23 23:18:39",15,8);


--INSERT Provider
INSERT IGNORE INTO provider (id,name,siret) VALUES (1,"Fusce LLP","737479758-00002");
INSERT IGNORE INTO provider (id,name,siret) VALUES (2,"Nunc Id Enim Ltd","683894810-00004");
INSERT IGNORE INTO provider (id,name,siret) VALUES (3,"Ut Associates","813170248-00005");
INSERT IGNORE INTO provider (id,name,siret) VALUES (4,"In Associates","221828908-00006");
INSERT IGNORE INTO provider (id,name,siret) VALUES (5,"Quis Lectus Nullam Corporation","356949859-00009");
INSERT IGNORE INTO provider (id,name,siret) VALUES (6,"Consectetuer Industries","731688479-00005");
INSERT IGNORE INTO provider (id,name,siret) VALUES (7,"Tellus Justo Consulting","675305296-00005");
INSERT IGNORE INTO provider (id,name,siret) VALUES (8,"Suspendisse Aliquet Sem Corporation","423817733-00003");
INSERT IGNORE INTO provider (id,name,siret) VALUES (9,"Phasellus Libero Inc.","648397461-00001");
INSERT IGNORE INTO provider (id,name,siret) VALUES (10,"Parturient Montes Incorporated","962891495-00005");

-- INSERT Supply
INSERT IGNORE INTO supply (id,name,id_reference,description,units_in_stock,alert_stock,provider_id) VALUES (1,"dictum","650","dapibus quam quis diam. Pellentesque habitant morbi tristique senectus et",44,11,1),(2,"Duis","293","at risus. Nunc ac sem ut dolor dapibus gravida. Aliquam",61,19,1),(3,"nec","429","in, hendrerit consectetuer, cursus et, magna. Praesent interdum ligula eu",90,8,4),(4,"eu,","258","Maecenas libero est, congue a, aliquet vel, vulputate eu, odio.",74,15,8),(5,"ac,","373","mi tempor lorem, eget mollis lectus pede et risus. Quisque",43,11,5),(6,"non,","568","vitae, aliquet nec, imperdiet nec, leo. Morbi neque tellus, imperdiet",50,14,9),(7,"Donec","853","dui. Fusce aliquam, enim nec tempus scelerisque, lorem ipsum sodales",48,11,1),(8,"malesuada","960","consectetuer euismod est arcu ac orci. Ut semper pretium neque.",75,11,2),(9,"magna.","510","ullamcorper, velit in aliquet lobortis, nisi nibh lacinia orci, consectetuer",16,12,8),(10,"erat","927","Fusce dolor quam, elementum at, egestas a, scelerisque sed, sapien.",15,18,6);
INSERT IGNORE INTO supply (id,name,id_reference,description,units_in_stock,alert_stock,provider_id) VALUES (11,"sodales","170","Fusce aliquet magna a neque. Nullam ut nisi a odio",81,7,3),(12,"Aliquam","449","in molestie tortor nibh sit amet orci. Ut sagittis lobortis",57,15,3),(13,"Mauris","126","porttitor eros nec tellus. Nunc lectus pede, ultrices a, auctor",48,12,6),(14,"Nam","750","orci tincidunt adipiscing. Mauris molestie pharetra nibh. Aliquam ornare, libero",92,20,6),(15,"non","437","sagittis lobortis mauris. Suspendisse aliquet molestie tellus. Aenean egestas hendrerit",51,8,5),(16,"erat","667","arcu. Aliquam ultrices iaculis odio. Nam interdum enim non nisi.",93,19,4),(17,"eleifend,","905","sem elit, pharetra ut, pharetra sed, hendrerit a, arcu. Sed",73,16,8),(18,"et","158","at pede. Cras vulputate velit eu sem. Pellentesque ut ipsum",83,20,2),(19,"Fusce","929","aliquet. Phasellus fermentum convallis ligula. Donec luctus aliquet odio. Etiam",53,8,4),(20,"cursus,","334","lorem vitae odio sagittis semper. Nam tempor diam dictum sapien.",98,20,1);
INSERT IGNORE INTO supply (id,name,id_reference,description,units_in_stock,alert_stock,provider_id) VALUES (21,"semper","578","Donec nibh enim, gravida sit amet, dapibus id, blandit at,",57,16,6),(22,"lacus,","962","sit amet orci. Ut sagittis lobortis mauris. Suspendisse aliquet molestie",53,10,10),(23,"ornare.","211","sit amet, consectetuer adipiscing elit. Aliquam auctor, velit eget laoreet",62,14,3),(24,"Morbi","994","vitae, orci. Phasellus dapibus quam quis diam. Pellentesque habitant morbi",8,15,4),(25,"euismod","275","lorem tristique aliquet. Phasellus fermentum convallis ligula. Donec luctus aliquet",79,12,4),(26,"Sed","746","non lorem vitae odio sagittis semper. Nam tempor diam dictum",34,12,1),(27,"metus.","942","in, tempus eu, ligula. Aenean euismod mauris eu elit. Nulla",46,10,3),(28,"a,","405","sit amet ante. Vivamus non lorem vitae odio sagittis semper.",47,11,8),(29,"metus.","418","vitae, orci. Phasellus dapibus quam quis diam. Pellentesque habitant morbi",4,16,1),(30,"lacus.","687","non, feugiat nec, diam. Duis mi enim, condimentum eget, volutpat",68,10,6);
INSERT IGNORE INTO supply (id,name,id_reference,description,units_in_stock,alert_stock,provider_id) VALUES (31,"mi","594","odio vel est tempor bibendum. Donec felis orci, adipiscing non,",50,10,6),(32,"ridiculus","957","molestie dapibus ligula. Aliquam erat volutpat. Nulla dignissim. Maecenas ornare",93,7,7),(33,"Maecenas","870","Morbi vehicula. Pellentesque tincidunt tempus risus. Donec egestas. Duis ac",94,14,5),(34,"libero.","912","erat, eget tincidunt dui augue eu tellus. Phasellus elit pede,",53,11,1),(35,"ligula.","216","Cum sociis natoque penatibus et magnis dis parturient montes, nascetur",57,10,10),(36,"diam.","243","non massa non ante bibendum ullamcorper. Duis cursus, diam at",49,5,9),(37,"erat","481","lorem, vehicula et, rutrum eu, ultrices sit amet, risus. Donec",21,20,9),(38,"ac","959","odio a purus. Duis elementum, dui quis accumsan convallis, ante",59,19,7),(39,"neque.","204","neque. Sed eget lacus. Mauris non dui nec urna suscipit",76,12,6),(40,"mollis","880","lobortis ultrices. Vivamus rhoncus. Donec est. Nunc ullamcorper, velit in",78,20,6);
INSERT IGNORE INTO supply (id,name,id_reference,description,units_in_stock,alert_stock,provider_id) VALUES (41,"elit,","886","molestie dapibus ligula. Aliquam erat volutpat. Nulla dignissim. Maecenas ornare",60,6,8),(42,"eu","263","sagittis. Duis gravida. Praesent eu nulla at sem molestie sodales.",64,18,3),(43,"venenatis","330","gravida non, sollicitudin a, malesuada id, erat. Etiam vestibulum massa",33,9,6),(44,"risus.","902","mauris sit amet lorem semper auctor. Mauris vel turpis. Aliquam",78,6,6),(45,"lacinia.","903","Integer urna. Vivamus molestie dapibus ligula. Aliquam erat volutpat. Nulla",99,15,10),(46,"tellus","656","ut erat. Sed nunc est, mollis non, cursus non, egestas",7,8,3),(47,"nibh","569","laoreet, libero et tristique pellentesque, tellus sem mollis dui, in",28,16,9),(48,"dictum","809","magna sed dui. Fusce aliquam, enim nec tempus scelerisque, lorem",70,9,4),(49,"vitae","704","nascetur ridiculus mus. Proin vel arcu eu odio tristique pharetra.",83,15,8),(50,"Vivamus","499","cubilia Curae; Donec tincidunt. Donec vitae erat vel pede blandit",38,8,7);
INSERT IGNORE INTO supply (id,name,id_reference,description,units_in_stock,alert_stock,provider_id) VALUES (51,"diam","143","id, ante. Nunc mauris sapien, cursus in, hendrerit consectetuer, cursus",16,19,7),(52,"sit","282","justo. Proin non massa non ante bibendum ullamcorper. Duis cursus,",71,11,1),(53,"odio.","462","nascetur ridiculus mus. Donec dignissim magna a tortor. Nunc commodo",87,15,4),(54,"fermentum","243","erat eget ipsum. Suspendisse sagittis. Nullam vitae diam. Proin dolor.",2,14,9),(55,"ligula.","277","vehicula aliquet libero. Integer in magna. Phasellus dolor elit, pellentesque",42,10,4),(56,"nunc","626","est mauris, rhoncus id, mollis nec, cursus a, enim. Suspendisse",43,17,8),(57,"elit,","879","Nullam ut nisi a odio semper cursus. Integer mollis. Integer",71,7,7),(58,"dictum","219","sem magna nec quam. Curabitur vel lectus. Cum sociis natoque",47,20,10),(59,"vel,","920","risus. Donec nibh enim, gravida sit amet, dapibus id, blandit",9,12,2),(60,"sed","297","mollis. Phasellus libero mauris, aliquam eu, accumsan sed, facilisis vitae,",34,17,6);
INSERT IGNORE INTO supply (id,name,id_reference,description,units_in_stock,alert_stock,provider_id) VALUES (61,"Maecenas","795","mauris, aliquam eu, accumsan sed, facilisis vitae, orci. Phasellus dapibus",13,19,5),(62,"arcu.","515","elit. Nulla facilisi. Sed neque. Sed eget lacus. Mauris non",65,7,9),(63,"bibendum","255","montes, nascetur ridiculus mus. Proin vel arcu eu odio tristique",24,16,10),(64,"nec","666","fermentum fermentum arcu. Vestibulum ante ipsum primis in faucibus orci",78,8,5),(65,"euismod","428","euismod et, commodo at, libero. Morbi accumsan laoreet ipsum. Curabitur",92,5,1),(66,"Curabitur","361","Nullam scelerisque neque sed sem egestas blandit. Nam nulla magna,",70,20,1),(67,"aptent","798","et pede. Nunc sed orci lobortis augue scelerisque mollis. Phasellus",31,8,5),(68,"erat","798","Donec fringilla. Donec feugiat metus sit amet ante. Vivamus non",74,15,2),(69,"scelerisque","320","Mauris quis turpis vitae purus gravida sagittis. Duis gravida. Praesent",89,12,1),(70,"sed","891","cursus. Nunc mauris elit, dictum eu, eleifend nec, malesuada ut,",54,13,8);
INSERT IGNORE INTO supply (id,name,id_reference,description,units_in_stock,alert_stock,provider_id) VALUES (71,"ornare.","679","eu dolor egestas rhoncus. Proin nisl sem, consequat nec, mollis",20,16,9),(72,"Vivamus","206","rhoncus. Nullam velit dui, semper et, lacinia vitae, sodales at,",86,7,9),(73,"enim,","155","mi lacinia mattis. Integer eu lacus. Quisque imperdiet, erat nonummy",21,18,6),(74,"diam.","898","ullamcorper magna. Sed eu eros. Nam consequat dolor vitae dolor.",55,15,10),(75,"Cras","998","feugiat placerat velit. Quisque varius. Nam porttitor scelerisque neque. Nullam",2,6,5),(76,"non,","948","vitae, erat. Vivamus nisi. Mauris nulla. Integer urna. Vivamus molestie",73,7,4),(77,"mi.","554","eget ipsum. Suspendisse sagittis. Nullam vitae diam. Proin dolor. Nulla",59,9,6),(78,"non","568","Pellentesque tincidunt tempus risus. Donec egestas. Duis ac arcu. Nunc",59,14,4),(79,"non","757","Class aptent taciti sociosqu ad litora torquent per conubia nostra,",94,7,1),(80,"nec,","259","ut aliquam iaculis, lacus pede sagittis augue, eu tempor erat",41,15,3);
INSERT IGNORE INTO supply (id,name,id_reference,description,units_in_stock,alert_stock,provider_id) VALUES (81,"nunc.","957","laoreet ipsum. Curabitur consequat, lectus sit amet luctus vulputate, nisi",2,15,5),(82,"tristique","790","dictum eu, eleifend nec, malesuada ut, sem. Nulla interdum. Curabitur",49,12,10),(83,"penatibus","430","justo eu arcu. Morbi sit amet massa. Quisque porttitor eros",14,16,6),(84,"varius","419","gravida molestie arcu. Sed eu nibh vulputate mauris sagittis placerat.",40,15,2),(85,"Fusce","923","neque. Nullam nisl. Maecenas malesuada fringilla est. Mauris eu turpis.",38,18,7),(86,"ut,","596","in, tempus eu, ligula. Aenean euismod mauris eu elit. Nulla",89,17,1),(87,"massa","934","dolor sit amet, consectetuer adipiscing elit. Curabitur sed tortor. Integer",53,14,1),(88,"sit","802","rutrum magna. Cras convallis convallis dolor. Quisque tincidunt pede ac",48,7,3),(89,"lobortis","705","elit fermentum risus, at fringilla purus mauris a nunc. In",33,12,6),(90,"orci,","855","sit amet, dapibus id, blandit at, nisi. Cum sociis natoque",90,17,4);
INSERT IGNORE INTO supply (id,name,id_reference,description,units_in_stock,alert_stock,provider_id) VALUES (91,"turpis","989","habitant morbi tristique senectus et netus et malesuada fames ac",87,18,3),(92,"dictum","500","ut odio vel est tempor bibendum. Donec felis orci, adipiscing",16,5,10),(93,"mus.","371","risus varius orci, in consequat enim diam vel arcu. Curabitur",29,7,1),(94,"tristique","244","enim. Nunc ut erat. Sed nunc est, mollis non, cursus",53,19,3),(95,"ligula.","166","egestas, urna justo faucibus lectus, a sollicitudin orci sem eget",39,20,1),(96,"eu,","688","amet, faucibus ut, nulla. Cras eu tellus eu augue porttitor",5,16,7),(97,"Phasellus","495","blandit viverra. Donec tempus, lorem fringilla ornare placerat, orci lacus",11,16,10),(98,"a,","854","commodo hendrerit. Donec porttitor tellus non magna. Nam ligula elit,",5,18,9),(99,"vel,","487","turpis. Nulla aliquet. Proin velit. Sed malesuada augue ut lacus.",53,9,3),(100,"Integer","704","inceptos hymenaeos. Mauris ut quam vel sapien imperdiet ornare. In",69,13,5);

--
